polygon-label,a,b,c
1,10,7,0
1,10,7,3
1,8,7,0
1,5,10,0
1,5,8,0
1,6,7,3
1,6,8,7
1,6,5,8
1,4,10,3
1,4,5,10
1,4,6,3
1,4,6,5
2,8,9,4
2,8,11,4
2,1,9,4
2,1,11,4
2,0,9,12
2,0,8,9
2,6,9,12
2,6,1,12
2,10,8,11
2,10,0,8
2,10,1,11
2,10,1,12
2,10,0,12
2,7,1,9
2,7,6,9
2,2,6,1
2,2,7,1
2,2,7,6
3,6,8,10
3,1,12,3
3,5,8,3
3,5,6,8
3,5,12,3
3,5,6,12
3,0,1,12
3,16,8,3
3,16,1,3
3,9,0,10
3,9,0,12
3,9,6,10
3,9,6,12
3,13,16,8
3,2,0,1
3,2,16,1
3,2,13,16
3,2,13,8
3,2,8,10
3,2,0,10
4,5,6,0
4,1,6,0
4,1,2,0
4,8,5,0
4,8,2,0
4,8,2,5
4,7,1,6
4,7,1,2
4,7,5,6
4,7,2,5
5,4,3,5
5,4,3,9
5,0,4,5
5,0,4,9
5,7,0,5
5,7,0,9
5,8,3,9
5,8,7,9
5,2,8,3
5,2,3,5
5,2,7,5
5,1,8,7
5,1,2,7
5,1,2,8
6,0,5,4
6,6,0,4
6,10,5,8
6,10,5,4
6,3,5,8
6,3,0,5
6,7,10,8
6,7,10,4
6,7,6,4
6,9,3,8
6,2,6,0
6,2,3,0
6,2,9,3
6,2,7,6
6,2,7,8
6,2,9,8
7,2,8,9
7,2,8,7
7,2,5,9
7,2,5,7
7,3,8,9
7,6,0,7
7,6,5,7
7,6,5,0
7,10,0,7
7,10,8,7
7,4,3,8
7,4,10,8
7,4,10,0
7,4,3,9
7,4,5,9
7,4,5,0
8,7,1,9
8,0,8,10
8,0,8,7
8,6,5,1
8,11,5,10
8,2,5,10
8,2,8,10
8,2,7,9
8,2,8,7
8,4,11,10
8,4,5,1
8,4,11,5
8,13,7,1
8,13,0,7
8,13,4,1
8,13,0,10
8,13,4,10
8,3,6,5
8,3,2,5
8,3,2,9
8,3,1,9
8,3,6,1
9,6,7,5
9,6,7,14
9,4,0,14
9,2,7,5
9,15,6,14
9,15,4,14
9,1,0,7
9,1,2,7
9,1,2,5
9,1,4,0
9,12,7,14
9,12,13,7
9,8,0,7
9,8,13,7
9,8,13,0
9,9,15,4
9,9,1,5
9,9,1,4
9,9,6,5
9,9,15,6
9,3,12,14
9,3,12,13
9,3,0,14
9,3,13,0
10,10,6,8
10,10,14,11
10,10,14,8
10,15,6,11
10,1,14,5
10,1,14,8
10,1,6,5
10,1,6,8
10,2,6,11
10,2,10,11
10,2,10,6
10,0,14,5
10,0,15,14
10,0,6,5
10,0,15,6
10,12,14,11
10,12,15,11
10,12,15,14
11,8,7,0
11,1,8,2
11,1,8,0
11,6,7,0
11,6,1,2
11,3,8,2
11,3,6,2
11,3,6,7
11,4,1,0
11,4,6,0
11,4,6,1
11,5,8,7
11,5,3,7
11,5,3,8
12,11,6,14
12,10,8,14
12,3,6,14
12,3,8,14
12,3,8,6
12,13,8,6
12,13,10,16
12,13,10,8
12,5,10,14
12,5,10,16
12,15,11,12
12,15,13,12
12,15,13,16
12,1,11,12
12,2,15,16
12,2,15,11
12,2,5,16
12,2,11,14
12,2,5,14
12,7,11,6
12,7,1,11
12,7,1,12
12,7,13,12
12,7,13,6
13,7,8,4
13,7,8,1
13,2,8,4
13,2,0,4
13,2,0,8
13,3,0,8
13,5,7,1
13,5,3,1
13,5,3,0
13,5,7,4
13,5,0,4
13,6,8,1
13,6,3,1
13,6,3,8
14,5,4,8
14,5,3,8
14,9,3,7
14,9,3,8
14,2,3,7
14,2,5,4
14,2,5,3
14,1,4,8
14,1,9,8
14,1,4,7
14,1,9,7
14,6,4,7
14,6,2,7
14,6,2,4
15,12,13,15
15,10,13,15
15,7,11,9
15,7,4,11
15,6,12,15
15,6,4,15
15,2,8,13
15,14,10,15
15,14,4,15
15,0,14,10
15,0,10,13
15,0,4,11
15,0,14,4
15,1,7,4
15,1,6,4
15,1,6,12
15,1,7,9
15,1,2,9
15,1,12,13
15,1,2,13
15,5,8,13
15,5,0,13
15,5,0,11
15,5,11,9
15,5,2,9
15,5,2,8
16,1,5,3
16,0,5,3
16,6,0,4
16,6,0,5
16,2,0,4
16,2,6,4
16,2,1,3
16,2,0,3
16,2,1,5
16,2,6,5
17,5,11,10
17,5,7,10
17,0,4,1
17,0,7,1
17,9,4,1
17,9,4,11
17,9,6,1
17,9,6,11
17,15,5,11
17,15,5,7
17,2,0,4
17,2,11,10
17,2,4,11
17,13,7,10
17,13,0,7
17,13,2,10
17,13,2,0
17,12,15,7
17,12,7,1
17,12,6,1
17,12,6,11
17,12,15,11
18,3,12,11
18,7,12,15
18,8,3,11
18,10,2,5
18,10,2,12
18,1,3,12
18,1,7,12
18,1,3,15
18,1,7,15
18,9,8,11
18,9,12,11
18,9,2,12
18,9,2,5
18,9,8,5
18,6,8,5
18,6,3,15
18,6,8,3
18,0,10,5
18,0,6,5
18,0,6,15
18,0,12,15
18,0,10,12
19,8,2,6
19,1,8,2
19,1,3,7
19,1,3,2
19,4,2,6
19,4,3,6
19,4,3,2
19,5,3,7
19,5,8,6
19,5,3,6
19,0,5,7
19,0,5,8
19,0,1,7
19,0,1,8
20,13,6,0
20,13,2,10
20,11,2,10
20,11,3,2
20,11,9,3
20,8,6,0
20,8,3,0
20,8,9,3
20,4,3,0
20,4,3,2
20,4,13,0
20,4,13,2
20,5,6,10
20,5,13,10
20,5,13,6
20,14,11,9
20,14,8,6
20,14,8,9
20,14,6,10
20,14,11,10
21,9,6,2
21,4,0,2
21,4,0,1
21,8,6,1
21,8,9,6
21,8,0,1
21,8,0,9
21,10,9,2
21,10,0,2
21,10,0,9
21,7,6,2
21,7,4,2
21,5,6,1
21,5,4,1
21,5,7,6
21,5,7,4
22,8,7,4
22,8,7,10
22,8,5,4
22,8,5,10
22,2,7,4
22,3,7,10
22,3,0,7
22,1,5,4
22,1,5,0
22,1,2,4
22,1,2,0
22,12,2,7
22,12,2,0
22,11,5,0
22,11,3,0
22,11,5,10
22,11,3,10
22,9,0,7
22,9,12,7
22,9,12,0
23,0,6,10
23,4,6,10
23,2,0,12
23,7,4,10
23,7,0,12
23,7,0,10
23,11,4,6
23,13,0,6
23,13,2,0
23,13,2,12
23,13,11,12
23,13,11,6
23,8,7,12
23,8,11,12
23,3,7,4
23,3,8,7
23,3,11,4
23,3,8,11
24,6,5,4
24,6,0,7
24,8,7,4
24,8,0,4
24,8,0,7
24,3,7,4
24,3,5,4
24,3,5,7
24,10,0,4
24,10,6,4
24,10,6,0
24,1,6,7
24,9,6,5
24,9,1,6
24,9,5,7
24,9,1,7
25,2,0,1
25,2,3,1
25,2,3,0
25,5,3,0
25,6,0,1
25,6,5,0
25,7,6,1
25,7,6,5
25,7,3,1
25,7,5,3
26,1,9,4
26,7,9,4
26,7,0,4
26,3,1,9
26,8,7,2
26,8,7,0
26,8,3,2
26,8,3,1
26,8,0,4
26,8,1,4
26,6,3,2
26,6,3,9
26,6,7,2
26,6,7,9
27,1,4,7
27,6,4,0
27,6,4,7
27,2,6,0
27,2,6,7
27,13,4,11
27,13,10,11
27,12,13,4
27,12,13,10
27,16,2,0
27,16,2,14
27,16,12,10
27,16,9,14
27,16,4,0
27,16,12,4
27,16,10,11
27,16,9,11
27,5,9,11
27,5,4,11
27,5,1,4
27,3,1,7
27,3,9,14
27,3,5,1
27,3,5,9
27,3,2,7
27,3,2,14
28,1,7,8
28,3,7,10
28,4,0,8
28,4,1,8
28,4,1,0
28,11,1,0
28,9,7,10
28,9,1,7
28,9,11,10
28,9,11,1
28,2,0,8
28,2,3,8
28,5,3,10
28,5,11,10
28,5,11,0
28,5,2,0
28,5,2,3
28,6,7,8
28,6,3,8
28,6,3,7
29,6,9,4
29,0,9,4
29,0,3,9
29,8,3,1
29,8,3,9
29,2,6,9
29,5,8,1
29,5,8,9
29,5,2,1
29,5,2,9
29,7,2,6
29,7,6,4
29,7,3,1
29,7,2,1
29,7,0,4
29,7,0,3
30,5,2,7
30,5,9,7
30,1,2,7
30,1,2,3
30,1,9,7
30,1,9,3
30,8,5,2
30,6,9,3
30,6,5,9
30,6,8,5
30,6,2,3
30,6,8,2
31,9,14,0
31,10,14,3
31,11,14,0
31,11,1,0
31,6,1,0
31,6,9,0
31,7,10,14
31,7,11,14
31,4,10,1
31,4,6,1
31,4,6,9
31,5,10,1
31,5,7,10
31,5,11,1
31,5,7,11
31,2,10,3
31,2,4,10
31,2,4,9
31,8,9,14
31,8,2,9
31,8,14,3
31,8,2,3
32,7,4,8
32,7,5,3
32,9,11,8
32,9,11,5
32,9,7,8
32,9,7,5
32,2,5,3
32,6,7,4
32,6,4,8
32,6,11,8
32,1,11,5
32,1,2,5
32,1,2,11
32,0,7,3
32,0,6,7
32,0,2,3
32,0,2,11
32,0,6,11
33,1,9,8
33,7,2,9
33,7,12,13
33,7,12,2
33,3,9,8
33,3,2,9
33,3,12,8
33,3,12,2
33,0,7,13
33,0,7,9
33,14,1,9
33,14,0,13
33,14,0,9
33,11,1,8
33,11,4,1
33,11,12,8
33,11,4,12
33,10,12,13
33,10,4,12
33,10,14,13
33,5,14,1
33,5,10,14
33,5,4,1
33,5,10,4
34,13,11,7
34,13,0,7
34,3,11,1
34,3,0,7
34,6,13,11
34,6,13,0
34,12,11,7
34,12,3,7
34,12,3,11
34,2,6,0
34,2,11,1
34,2,6,11
34,8,2,1
34,8,2,0
34,8,3,1
34,8,3,0
35,2,6,1
35,3,2,1
35,5,6,1
35,5,2,6
35,8,3,1
35,8,5,0
35,8,5,1
35,4,5,0
35,4,5,2
35,7,8,0
35,7,8,3
35,7,4,0
35,7,3,2
35,7,4,2
36,11,2,4
36,8,2,6
36,8,1,2
36,5,11,4
36,5,12,4
36,10,2,6
36,10,11,2
36,10,5,11
36,10,5,12
36,3,12,4
36,3,12,1
36,3,2,4
36,3,1,2
36,7,12,1
36,7,8,1
36,7,8,6
36,7,10,6
36,7,10,12
37,8,14,6
37,0,7,10
37,4,8,10
37,4,8,14
37,4,0,10
37,4,0,14
37,2,8,10
37,2,7,10
37,2,11,7
37,3,0,14
37,3,14,6
37,3,11,6
37,13,11,7
37,13,0,7
37,13,3,11
37,13,3,0
37,1,11,6
37,1,2,11
37,1,8,6
37,1,2,8
38,8,6,13
38,11,6,13
38,5,6,12
38,7,6,12
38,7,11,12
38,7,11,6
38,1,11,12
38,1,5,12
38,3,8,6
38,3,5,6
38,3,5,8
38,2,1,11
38,2,8,13
38,2,11,13
38,4,5,8
38,4,1,5
38,4,2,8
38,4,2,1
39,4,1,5
39,4,1,9
39,0,1,5
39,0,1,13
39,8,10,13
39,3,8,9
39,3,8,13
39,3,1,9
39,3,1,13
39,6,8,10
39,6,4,9
39,6,8,9
39,6,10,13
39,6,0,13
39,6,0,5
39,2,4,5
39,2,6,5
39,2,6,4
40,11,1,7
40,13,1,8
40,13,11,8
40,13,11,1
40,6,1,8
40,6,12,1
40,5,1,7
40,5,12,7
40,5,12,1
40,10,11,8
40,10,6,8
40,10,6,12
40,2,11,7
40,2,12,7
40,2,10,11
40,2,10,12
41,8,7,6
41,8,7,4
41,10,8,6
41,9,10,6
41,2,8,4
41,2,10,8
41,1,9,6
41,5,7,4
41,5,9,4
41,5,1,9
41,3,2,4
41,3,2,10
41,3,9,4
41,3,9,10
41,13,5,7
41,13,5,1
41,13,7,6
41,13,1,6
42,12,14,4
42,12,3,14
42,12,13,3
42,5,3,6
42,5,13,3
42,5,8,6
42,5,8,13
42,0,14,4
42,0,8,4
42,2,8,6
42,2,0,14
42,2,0,8
42,7,8,4
42,7,8,13
42,1,2,6
42,1,2,14
42,1,3,6
42,1,3,14
42,9,7,13
42,9,12,4
42,9,7,4
42,10,12,13
42,10,9,13
42,10,9,12
43,5,0,2
43,12,0,2
43,8,7,9
43,8,5,7
43,1,12,7
43,3,7,9
43,3,12,9
43,3,12,7
43,11,8,9
43,11,12,9
43,11,12,0
43,6,5,0
43,6,8,5
43,6,11,0
43,6,11,8
43,10,1,2
43,10,1,7
43,10,5,2
43,10,5,7
43,4,12,2
43,4,1,2
43,4,1,12
44,8,3,7
44,11,13,4
44,11,8,7
44,9,13,4
44,10,3,7
44,10,13,3
44,6,11,7
44,6,11,13
44,6,10,7
44,6,10,13
44,5,11,4
44,5,11,8
44,5,12,4
44,5,12,8
44,2,9,4
44,2,9,3
44,2,12,4
44,2,8,3
44,1,13,3
44,1,9,3
44,1,9,13
44,14,12,8
44,14,2,8
44,14,2,12
45,3,9,13
45,3,9,10
45,3,6,10
45,8,9,13
45,8,9,7
45,4,9,10
45,4,9,7
45,4,6,10
45,4,6,7
45,0,3,13
45,1,6,7
45,1,0,6
45,1,8,13
45,1,0,13
45,5,3,6
45,5,0,6
45,5,0,3
45,2,8,7
45,2,1,7
45,2,1,8
46,3,7,4
46,3,7,0
46,2,7,4
46,2,7,0
46,9,3,0
46,1,3,4
46,1,9,3
46,5,2,0
46,5,9,0
46,5,2,4
46,5,1,4
46,5,1,9
47,0,4,2
47,7,4,1
47,7,0,2
47,5,4,2
47,5,7,2
47,5,7,4
47,6,7,1
47,6,7,0
47,6,4,1
47,6,0,4
48,6,11,10
48,7,1,10
48,7,6,10
48,3,11,10
48,3,1,10
48,9,7,1
48,9,3,11
48,9,3,1
48,0,7,6
48,8,6,11
48,8,0,6
48,8,0,5
48,8,2,5
48,8,9,11
48,8,2,9
48,4,0,5
48,4,0,7
48,4,9,7
48,4,2,5
48,4,2,9
49,7,10,8
49,7,0,8
49,11,10,8
49,11,0,8
49,11,0,6
49,4,7,0
49,4,9,7
49,4,0,6
49,4,9,6
49,1,7,10
49,1,2,7
49,1,2,9
49,1,9,6
49,1,11,6
49,1,11,10
49,3,9,7
49,3,2,7
49,3,2,9
50,10,9,0
50,4,10,0
50,6,9,0
50,1,4,7
50,1,4,10
50,1,9,7
50,1,10,9
50,5,9,7
50,5,6,9
50,5,4,7
50,2,6,0
50,2,5,6
50,2,4,0
50,2,5,4
51,3,5,1
51,4,3,5
51,6,5,1
51,6,4,1
51,6,4,5
51,2,3,1
51,2,4,1
51,2,4,3
52,7,3,12
52,6,7,3
52,0,7,12
52,0,9,12
52,5,4,13
52,5,4,3
52,14,3,12
52,14,4,3
52,14,9,12
52,14,4,9
52,2,4,13
52,2,4,9
52,10,6,3
52,10,5,3
52,10,5,13
52,10,2,13
52,10,6,7
52,10,2,7
52,11,2,7
52,11,0,9
52,11,2,9
52,8,0,7
52,8,11,7
52,8,11,0
53,5,1,2
53,5,6,2
53,5,6,1
53,0,1,2
53,7,0,1
53,4,6,1
53,4,7,1
53,4,6,2
53,4,0,2
53,4,7,0
54,8,9,1
54,8,7,2
54,8,9,2
54,6,7,2
54,6,9,2
54,3,7,1
54,3,8,1
54,3,8,7
54,0,9,1
54,0,6,9
54,0,7,1
54,0,6,7
55,0,3,5
55,2,8,3
55,9,8,3
55,9,2,4
55,9,2,8
55,6,0,5
55,6,2,4
55,10,0,3
55,10,9,4
55,10,9,3
55,10,6,4
55,10,6,0
55,1,3,5
55,1,2,3
55,1,6,5
55,1,6,2
56,4,3,1
56,4,3,7
56,5,3,1
56,0,5,1
56,0,5,7
56,0,4,1
56,0,4,7
56,2,3,7
56,2,5,7
56,2,5,3
57,3,4,0
57,9,4,8
57,9,3,4
57,11,4,8
57,10,4,0
57,10,11,4
57,6,3,0
57,6,10,0
57,6,10,2
57,1,11,8
57,1,10,2
57,1,10,11
57,5,6,3
57,5,6,2
57,5,9,3
57,5,1,2
57,5,9,8
57,5,1,8
58,0,2,7
58,0,4,7
58,0,4,2
58,5,4,7
58,6,5,4
58,1,4,2
58,1,6,4
58,1,6,5
58,1,2,7
58,1,5,7
59,6,2,1
59,3,6,1
59,14,2,9
59,14,6,2
59,12,2,1
59,12,0,1
59,10,0,9
59,10,14,9
59,10,3,6
59,10,14,6
59,11,12,0
59,11,0,9
59,7,0,1
59,7,3,1
59,7,10,3
59,8,12,2
59,8,11,12
59,8,2,9
59,8,11,9
59,13,10,0
59,13,7,0
59,13,7,10
60,0,2,1
60,4,11,6
60,12,4,6
60,12,4,0
60,3,2,6
60,3,11,6
60,3,11,2
60,5,2,1
60,5,11,2
60,13,0,2
60,13,12,0
60,13,2,6
60,13,12,6
60,9,4,11
60,9,5,11
60,9,4,0
60,9,0,1
60,9,5,1
61,10,4,12
61,11,4,12
61,11,9,2
61,11,9,4
61,0,10,4
61,0,9,4
61,5,11,2
61,5,8,10
61,7,9,2
61,7,5,2
61,7,5,8
61,7,8,10
61,7,0,10
61,7,0,9
61,1,10,12
61,1,5,10
61,1,11,12
61,1,5,11
62,0,9,3
62,1,9,7
62,1,4,7
62,8,9,7
62,8,0,7
62,8,0,9
62,2,0,7
62,2,4,7
62,2,4,0
62,5,9,3
62,5,1,9
62,6,1,4
62,6,5,1
62,6,5,3
62,6,0,3
62,6,4,0
63,9,6,2
63,12,6,2
63,12,4,2
63,10,4,5
63,10,9,5
63,3,9,5
63,3,9,2
63,3,4,2
63,13,10,4
63,13,12,6
63,13,12,4
63,13,9,6
63,13,10,9
63,11,4,5
63,11,3,5
63,11,3,4
64,14,13,10
64,0,4,10
64,3,4,14
64,11,14,10
64,11,4,10
64,11,4,14
64,2,0,1
64,5,13,10
64,6,0,1
64,6,0,4
64,6,3,1
64,6,3,4
64,8,3,1
64,8,3,14
64,8,13,1
64,8,14,13
64,7,13,1
64,7,2,1
64,9,5,13
64,9,2,0
64,9,0,10
64,9,5,10
64,9,7,13
64,9,7,2
65,3,7,5
65,6,7,5
65,6,2,7
65,1,2,7
65,1,3,7
65,1,3,2
65,0,6,5
65,0,6,2
65,4,3,2
65,4,0,2
65,4,3,5
65,4,0,5
66,13,4,1
66,13,7,1
66,13,4,9
66,8,4,1
66,5,13,9
66,5,13,7
66,3,7,1
66,3,12,7
66,3,8,1
66,2,5,12
66,2,4,9
66,2,5,9
66,0,12,7
66,0,5,7
66,0,5,12
66,11,3,12
66,11,2,12
66,11,2,4
66,11,8,4
66,11,3,8
67,8,10,1
67,4,8,1
67,7,10,0
67,7,8,10
67,3,10,0
67,3,2,0
67,3,2,10
67,9,10,1
67,9,2,10
67,9,4,1
67,9,2,4
67,6,4,8
67,6,7,8
67,6,7,0
67,6,2,0
67,6,2,4
68,13,8,1
68,14,12,0
68,9,8,7
68,9,13,7
68,9,13,8
68,2,0,1
68,2,13,1
68,2,13,7
68,2,14,7
68,2,14,0
68,4,0,1
68,4,12,0
68,4,12,6
68,4,8,6
68,4,8,1
68,11,8,7
68,11,14,7
68,11,14,8
68,15,12,6
68,15,14,12
68,15,8,6
68,15,14,8
69,13,7,4
69,9,7,4
69,2,13,3
69,2,13,7
69,2,11,3
69,2,11,7
69,5,13,3
69,5,11,3
69,5,11,1
69,5,13,4
69,5,9,4
69,10,11,1
69,10,5,1
69,10,5,9
69,10,9,7
69,10,11,7
70,3,9,4
70,8,9,7
70,8,9,4
70,6,3,4
70,0,6,7
70,0,6,3
70,0,9,7
70,0,3,9
70,2,6,4
70,2,8,7
70,2,6,7
70,1,8,4
70,1,2,4
70,1,2,8
71,12,11,13
71,12,3,2
71,5,11,13
71,5,15,13
71,8,5,11
71,8,5,15
71,6,12,3
71,4,3,2
71,4,15,2
71,4,6,3
71,4,6,15
71,0,12,2
71,0,12,11
71,0,8,11
71,0,15,2
71,0,8,15
71,10,12,13
71,10,6,12
71,10,15,13
71,10,6,15
72,4,5,0
72,4,5,3
72,6,5,3
72,2,5,0
72,2,6,0
72,2,6,5
72,7,4,3
72,7,6,3
72,7,4,0
72,7,6,0
73,12,9,15
73,12,3,15
73,8,9,15
73,8,11,15
73,8,10,9
73,6,10,1
73,6,8,11
73,6,8,10
73,13,6,11
73,13,6,1
73,0,10,1
73,0,12,9
73,0,10,9
73,5,3,15
73,7,11,15
73,7,13,11
73,7,5,15
73,7,5,13
73,4,12,3
73,4,0,12
73,4,0,1
73,4,13,1
73,4,5,3
73,4,5,13
74,12,5,6
74,3,5,10
74,3,5,6
74,8,11,6
74,8,12,2
74,8,12,6
74,0,12,2
74,0,12,5
74,0,8,2
74,0,8,11
74,9,11,6
74,9,0,11
74,1,3,6
74,1,9,6
74,14,9,0
74,14,1,3
74,14,1,9
74,7,3,10
74,7,14,10
74,7,14,3
74,4,14,10
74,4,14,0
74,4,5,10
74,4,0,5
75,1,5,2
75,1,4,2
75,1,5,6
75,1,4,6
75,3,5,6
75,0,5,2
75,0,3,5
75,7,4,6
75,7,3,6
75,7,0,4
75,7,0,3
75,9,4,2
75,9,0,2
75,9,0,4
76,14,5,0
76,12,14,5
76,11,2,0
76,11,12,3
76,11,5,0
76,11,12,5
76,10,14,8
76,6,14,8
76,6,14,0
76,6,2,0
76,9,12,3
76,9,12,14
76,9,10,3
76,9,10,14
76,7,10,8
76,7,6,8
76,7,6,2
76,7,11,2
76,1,11,3
76,1,10,3
76,1,7,11
76,1,7,10
77,3,1,6
77,3,4,8
77,7,1,6
77,5,8,6
77,5,4,8
77,5,3,6
77,5,3,4
77,0,7,1
77,0,3,8
77,0,3,1
77,0,8,6
77,0,7,6
78,6,4,10
78,6,3,4
78,8,4,10
78,8,3,0
78,8,3,4
78,2,6,3
78,1,8,0
78,1,8,10
78,7,3,0
78,7,2,0
78,7,2,3
78,5,6,10
78,5,2,6
78,5,1,10
78,5,2,0
78,5,1,0
79,0,9,7
79,5,9,7
79,16,0,7
79,16,0,14
79,16,5,7
79,3,5,9
79,15,3,11
79,15,3,5
79,13,16,14
79,13,16,5
79,13,15,5
79,13,15,11
79,13,2,11
79,13,2,12
79,13,8,14
79,13,8,12
79,1,2,12
79,1,0,9
79,10,8,12
79,10,1,0
79,10,1,12
79,10,0,14
79,10,8,14
79,6,2,11
79,6,1,2
79,6,3,11
79,6,3,9
79,6,1,9
80,4,7,8
80,1,7,8
80,1,6,7
80,1,6,9
80,11,4,0
80,11,4,7
80,3,1,8
80,3,1,9
80,10,6,0
80,10,6,7
80,10,11,0
80,10,11,7
80,5,4,8
80,5,3,8
80,5,4,0
80,5,3,0
80,2,6,0
80,2,3,0
80,2,6,9
80,2,3,9
81,8,4,1
81,9,1,7
81,3,1,7
81,3,8,7
81,3,8,1
81,0,9,7
81,0,9,4
81,0,8,7
81,0,8,4
81,5,4,1
81,5,9,1
81,5,9,4
82,8,3,5
82,4,3,5
82,4,8,5
82,2,3,0
82,2,8,3
82,1,3,0
82,1,4,0
82,1,4,3
82,6,4,0
82,6,4,8
82,6,2,0
82,6,2,8
83,12,9,2
83,12,14,2
83,12,5,14
83,0,9,2
83,4,14,2
83,4,5,2
83,4,5,14
83,6,5,2
83,6,5,10
83,6,0,2
83,6,0,10
83,13,5,10
83,13,0,10
83,1,0,9
83,1,13,0
83,1,13,5
83,1,12,9
83,1,12,5
84,10,5,7
84,10,15,7
84,6,5,7
84,6,15,5
84,8,15,12
84,8,15,5
84,8,10,5
84,0,15,7
84,0,6,7
84,0,6,15
84,11,8,12
84,11,8,10
84,11,15,12
84,11,10,15
85,13,15,5
85,13,15,3
85,11,1,8
85,11,1,10
85,9,15,8
85,9,1,8
85,9,1,15
85,12,10,5
85,12,1,10
85,12,15,5
85,12,1,15
85,0,2,3
85,0,13,5
85,0,13,3
85,0,10,5
85,4,11,8
85,4,11,3
85,4,15,8
85,4,15,3
85,6,11,3
85,6,11,10
85,6,2,3
85,6,0,10
85,6,0,2
86,8,12,15
86,9,12,4
86,6,8,15
86,6,8,13
86,5,8,13
86,5,8,12
86,5,9,1
86,5,9,12
86,10,4,13
86,10,14,13
86,10,14,15
86,10,12,15
86,10,12,4
86,2,9,1
86,2,9,4
86,2,4,13
86,0,6,15
86,0,6,13
86,0,14,15
86,0,14,13
86,3,5,13
86,3,2,1
86,3,2,13
86,7,5,1
86,7,3,1
86,7,3,5
87,9,13,6
87,0,2,15
87,0,2,8
87,5,13,6
87,5,4,6
87,5,4,13
87,7,13,15
87,7,4,13
87,7,2,15
87,7,4,2
87,3,2,6
87,3,4,6
87,3,4,2
87,14,2,8
87,14,9,8
87,16,9,8
87,16,0,15
87,16,0,8
87,16,13,15
87,16,9,13
87,11,9,6
87,11,14,9
87,11,2,6
87,11,14,2
88,5,6,4
88,5,3,4
88,0,6,2
88,0,5,6
88,0,3,2
88,0,5,3
88,7,6,2
88,7,1,2
88,7,6,4
88,7,1,4
88,8,3,2
88,8,1,2
88,8,3,4
88,8,1,4
89,1,8,7
89,10,8,7
89,2,1,6
89,2,1,8
89,0,10,8
89,5,1,7
89,5,10,7
89,12,2,8
89,12,0,8
89,12,2,6
89,12,0,6
89,3,1,6
89,3,5,1
89,3,0,6
89,3,0,10
89,3,5,10
90,8,13,11
90,3,16,11
90,3,8,16
90,14,13,6
90,1,16,11
90,1,2,16
90,9,13,11
90,9,2,13
90,9,1,11
90,9,1,2
90,4,2,16
90,4,2,13
90,10,8,11
90,10,3,11
90,10,3,8
90,15,8,16
90,15,14,16
90,15,14,8
90,0,8,13
90,0,14,13
90,0,14,8
90,7,4,16
90,7,14,6
90,7,14,16
90,5,7,6
90,5,7,4
90,5,13,6
90,5,4,13
91,6,7,0
91,6,9,0
91,6,9,7
91,1,7,12
91,1,9,7
91,1,8,12
91,1,9,8
91,4,9,0
91,4,9,8
91,4,3,0
91,4,3,8
91,11,7,0
91,11,3,0
91,11,3,7
91,2,7,12
91,2,3,7
91,10,2,12
91,10,2,3
91,10,8,12
91,10,3,8
92,3,4,11
92,7,4,11
92,15,12,9
92,15,12,3
92,15,0,9
92,15,0,3
92,5,12,9
92,10,3,11
92,10,12,3
92,2,0,3
92,2,8,0
92,6,7,4
92,6,3,4
92,6,2,3
92,6,2,8
92,1,5,7
92,1,7,11
92,1,10,11
92,1,5,12
92,1,10,12
92,14,5,7
92,14,6,7
92,14,6,5
92,13,6,8
92,13,0,9
92,13,8,0
92,13,5,9
92,13,6,5
93,0,1,14
93,8,11,14
93,4,1,14
93,4,11,14
93,4,11,1
93,7,5,10
93,7,0,10
93,2,5,11
93,2,7,5
93,9,5,10
93,9,8,5
93,13,5,11
93,13,8,11
93,13,8,5
93,12,11,1
93,12,2,11
93,12,2,7
93,12,0,1
93,12,7,0
93,3,9,8
93,3,0,14
93,3,8,14
93,3,0,10
93,3,9,10
94,1,7,5
94,1,7,8
94,1,3,8
94,4,7,8
94,6,3,5
94,6,1,5
94,6,1,3
94,9,3,5
94,9,7,5
94,9,4,7
94,10,3,8
94,10,4,8
94,10,9,3
94,10,9,4
95,3,1,2
95,5,1,2
95,5,1,7
95,5,8,2
95,5,8,7
95,10,8,2
95,10,3,2
95,9,1,7
95,9,8,7
95,6,3,1
95,6,9,1
95,6,9,3
95,4,9,8
95,4,9,3
95,4,10,8
95,4,10,3
96,3,8,2
96,3,8,5
96,4,8,2
96,4,3,2
96,4,3,0
96,9,8,5
96,9,3,5
96,9,3,0
96,6,4,0
96,6,4,8
96,1,9,8
96,1,6,8
96,1,9,0
96,1,6,0
97,2,0,5
97,2,4,5
97,2,4,9
97,10,0,5
97,10,1,0
97,8,0,12
97,8,1,12
97,8,1,0
97,11,1,12
97,11,4,9
97,11,4,5
97,11,10,5
97,11,10,1
97,6,2,9
97,6,11,12
97,6,11,9
97,6,0,12
97,6,2,0
98,4,2,8
98,0,11,12
98,1,11,12
98,13,0,12
98,13,0,2
98,7,2,8
98,7,5,8
98,3,5,8
98,3,5,11
98,3,1,11
98,3,4,8
98,10,5,11
98,10,0,2
98,10,0,11
98,10,7,2
98,10,7,5
98,9,3,4
98,9,3,1
98,9,1,12
98,9,13,12
98,9,4,2
98,9,13,2
99,2,6,8
99,1,12,4
99,1,6,8
99,10,2,12
99,11,2,6
99,11,10,2
99,11,12,4
99,11,10,12
99,9,2,8
99,9,2,12
99,9,1,8
99,9,1,12
99,7,1,4
99,7,1,6
99,7,11,4
99,7,11,6
100,9,3,11
100,10,3,11
100,10,3,6
100,13,10,11
100,13,9,11
100,13,9,2
100,1,2,6
100,1,10,6
100,7,9,3
100,7,3,6
100,7,9,2
100,7,2,6
100,0,13,2
100,0,1,2
100,0,13,10
100,0,1,10
101,2,9,5
101,1,2,4
101,1,2,5
101,1,8,4
101,1,8,5
101,10,8,5
101,10,13,8
101,10,13,14
101,10,9,14
101,10,9,5
101,11,9,14
101,11,2,4
101,11,2,9
101,6,11,4
101,6,11,14
101,15,13,8
101,15,6,8
101,15,13,14
101,15,6,14
101,7,8,4
101,7,6,4
101,7,6,8
102,9,8,12
102,13,14,4
102,2,14,4
102,2,8,14
102,11,8,12
102,11,8,14
102,10,13,12
102,10,13,14
102,3,13,4
102,3,13,9
102,3,2,4
102,3,9,8
102,3,2,8
102,0,9,12
102,0,13,12
102,0,13,9
102,6,11,12
102,6,11,14
102,6,10,12
102,6,10,14
103,4,12,10
103,4,1,10
103,4,1,3
103,9,12,3
103,0,12,3
103,0,4,3
103,0,4,12
103,13,12,10
103,13,6,10
103,13,7,12
103,13,6,7
103,5,1,10
103,5,6,10
103,5,7,1
103,5,6,7
103,8,7,12
103,8,9,12
103,8,9,3
103,2,7,1
103,2,8,7
103,2,1,3
103,2,8,3
104,10,8,6
104,4,10,8
104,5,4,1
104,9,10,6
104,9,4,10
104,9,4,1
104,0,8,6
104,0,5,6
104,0,5,8
104,7,4,8
104,7,5,8
104,7,5,4
104,3,9,6
104,3,9,1
104,3,5,6
104,3,5,1
105,4,1,2
105,8,1,2
105,8,1,7
105,0,4,2
105,0,8,2
105,0,8,7
105,3,1,7
105,3,4,1
105,3,0,7
105,3,0,4
106,0,7,10
106,0,14,10
106,1,14,10
106,1,7,10
106,1,4,7
106,13,0,14
106,6,1,14
106,6,1,4
106,5,4,7
106,5,11,7
106,5,6,4
106,5,11,8
106,5,6,8
106,3,13,7
106,3,13,14
106,2,0,7
106,2,13,7
106,2,13,0
106,12,6,8
106,12,6,14
106,12,11,8
106,12,3,14
106,12,11,7
106,12,3,7
107,2,4,3
107,2,1,7
107,2,1,3
107,0,4,7
107,0,1,7
107,0,4,3
107,0,1,3
107,6,4,7
107,6,2,7
107,6,2,4
108,11,0,1
108,11,0,3
108,11,9,1
108,11,9,3
108,2,3,7
108,2,9,7
108,2,9,3
108,10,0,1
108,10,4,0
108,10,4,7
108,10,9,1
108,10,9,7
108,8,0,3
108,8,4,0
108,8,3,7
108,8,4,7
109,4,7,2
109,4,16,2
109,13,7,2
109,8,16,6
109,8,7,9
109,0,7,9
109,0,4,7
109,0,16,9
109,0,4,16
109,11,13,7
109,11,13,6
109,11,8,7
109,11,8,6
109,5,16,6
109,5,16,2
109,5,13,2
109,12,16,9
109,12,8,9
109,12,8,16
109,3,13,6
109,3,5,6
109,3,5,13
110,4,2,0
110,5,4,0
110,5,1,0
110,8,2,0
110,8,1,0
110,8,1,2
110,7,4,2
110,7,1,2
110,7,5,4
110,7,5,1
111,4,8,3
111,4,9,8
111,0,9,6
111,0,9,8
111,0,11,6
111,0,11,8
111,12,11,6
111,12,9,6
111,12,4,3
111,12,4,9
111,5,11,8
111,5,12,3
111,5,12,11
111,1,8,3
111,1,5,3
111,1,5,8
112,6,9,11
112,6,9,14
112,3,9,14
112,10,9,11
112,10,3,11
112,10,3,9
112,12,6,11
112,8,6,14
112,8,12,6
112,15,3,11
112,15,2,3
112,15,12,11
112,15,8,2
112,15,8,12
112,7,3,14
112,7,2,3
112,5,8,14
112,5,8,2
112,5,7,14
112,5,7,2
113,8,11,13
113,10,8,13
113,3,10,13
113,12,10,0
113,12,10,8
113,12,9,0
113,12,8,11
113,12,9,11
113,6,9,0
113,6,9,3
113,6,10,0
113,6,3,10
113,5,9,3
113,14,11,13
113,14,2,11
113,14,3,13
113,14,2,3
113,4,2,3
113,4,5,3
113,4,2,11
113,4,9,11
113,4,5,9
114,3,2,6
114,4,2,6
114,7,4,6
114,7,3,2
114,7,4,2
114,5,3,6
114,5,7,6
114,5,7,3
115,9,10,0
115,9,10,1
115,4,10,11
115,3,11,1
115,3,10,1
115,3,10,11
115,8,11,1
115,8,9,1
115,8,9,11
115,2,10,0
115,2,4,10
115,5,9,11
115,5,4,11
115,5,2,4
115,5,9,0
115,5,2,0
116,12,6,11
116,9,6,11
116,9,4,10
116,9,4,6
116,3,12,6
116,3,4,6
116,3,4,12
116,8,12,11
116,8,9,11
116,2,8,10
116,2,8,12
116,2,4,10
116,2,4,12
116,1,9,10
116,1,8,10
116,1,8,9
117,6,2,4
117,3,2,0
117,3,6,0
117,3,6,2
117,5,2,0
117,5,1,0
117,5,2,4
117,7,6,0
117,7,1,0
117,7,6,4
117,7,5,4
117,7,5,1
118,1,8,5
118,7,1,8
118,4,7,5
118,4,7,1
118,3,8,5
118,3,7,5
118,3,7,8
118,2,1,5
118,2,4,5
118,2,4,1
119,5,11,2
119,1,11,2
119,1,8,2
119,10,5,2
119,10,0,6
119,10,8,2
119,10,0,8
119,4,11,6
119,4,0,6
119,4,0,11
119,7,0,11
119,7,0,8
119,7,1,11
119,7,1,8
119,9,10,6
119,9,11,6
119,9,5,11
119,3,10,5
119,3,9,5
119,3,9,10
120,0,13,4
120,0,13,1
120,0,12,4
120,7,13,4
120,7,13,6
120,5,13,1
120,5,13,6
120,10,12,6
120,2,7,4
120,2,7,6
120,2,12,4
120,2,12,6
120,14,5,1
120,14,5,6
120,14,10,1
120,14,10,6
120,8,0,12
120,8,10,12
120,8,0,1
120,8,10,1
121,5,3,9
121,6,3,9
121,6,1,9
121,4,3,0
121,4,5,3
121,4,1,0
121,8,1,0
121,2,5,9
121,2,4,5
121,2,1,9
121,2,4,1
121,7,6,1
121,7,8,1
121,7,6,3
121,7,3,0
121,7,8,0
122,9,10,6
122,2,4,6
122,7,10,6
122,7,4,6
122,7,4,10
122,5,4,3
122,5,4,10
122,5,9,3
122,5,9,10
122,1,9,3
122,1,4,3
122,1,2,4
122,1,9,6
122,1,2,6
123,2,5,11
123,2,5,4
123,3,2,4
123,8,5,11
123,9,5,4
123,9,8,5
123,1,3,4
123,1,9,4
123,1,9,3
123,7,2,11
123,7,3,2
123,10,9,8
123,10,8,11
123,10,7,11
123,10,9,3
123,10,7,3
124,6,7,1
124,0,6,1
124,8,7,3
124,8,7,1
124,8,0,1
124,4,7,3
124,4,6,3
124,4,6,7
124,5,8,3
124,5,8,0
124,5,6,3
124,5,0,6
125,1,0,4
125,1,0,6
125,1,5,4
125,1,5,6
125,3,0,4
125,3,5,4
125,3,0,6
125,3,5,6
126,3,2,0
126,3,2,10
126,3,8,0
126,3,8,10
126,1,2,10
126,1,11,10
126,1,11,2
126,5,8,10
126,5,11,10
126,5,11,8
126,13,6,0
126,13,6,11
126,13,2,0
126,13,11,2
126,4,11,8
126,4,6,11
126,4,8,0
126,4,6,0
127,3,9,8
127,6,9,8
127,6,4,8
127,6,4,9
127,5,3,8
127,0,4,8
127,0,5,8
127,0,4,1
127,0,5,1
127,7,3,9
127,7,5,3
127,7,5,1
127,7,4,1
127,7,4,9
128,7,1,0
128,4,1,3
128,4,1,0
128,8,1,3
128,8,7,3
128,8,7,1
128,6,7,3
128,6,4,3
128,6,7,0
128,6,4,0
129,2,5,7
129,4,2,7
129,8,2,5
129,8,4,0
129,8,4,2
129,1,8,0
129,1,8,5
129,3,5,7
129,3,4,7
129,3,1,5
129,3,4,0
129,3,1,0
130,5,7,8
130,5,7,9
130,1,5,8
130,1,5,9
130,3,7,9
130,6,1,9
130,6,1,10
130,6,3,9
130,6,3,10
130,0,3,10
130,0,3,7
130,0,7,8
130,0,1,8
130,4,1,10
130,4,0,10
130,4,0,1
131,7,4,5
131,3,7,2
131,3,7,4
131,0,4,5
131,0,8,5
131,1,7,5
131,1,8,5
131,1,7,2
131,1,8,2
131,9,8,2
131,9,3,2
131,6,0,4
131,6,0,8
131,6,3,4
131,6,9,8
131,6,9,3
132,6,7,11
132,4,2,5
132,4,6,5
132,4,6,11
132,3,2,5
132,3,2,7
132,3,6,5
132,3,6,7
132,9,7,11
132,9,2,7
132,10,4,11
132,10,4,2
132,10,9,11
132,10,9,2
133,0,9,4
133,0,5,3
133,8,9,4
133,8,9,3
133,8,5,3
133,6,9,3
133,6,0,3
133,6,0,9
133,7,0,4
133,7,0,5
133,10,7,4
133,2,8,5
133,2,7,5
133,2,10,7
133,2,8,4
133,2,10,4
134,0,1,2
134,0,1,9
134,4,5,2
134,4,5,9
134,3,5,2
134,3,1,2
134,3,1,9
134,8,0,9
134,8,4,9
134,8,0,2
134,8,4,2
134,7,5,9
134,7,3,9
134,7,3,5
135,6,5,7
135,0,6,5
135,8,5,7
135,8,6,7
135,3,5,9
135,3,0,9
135,3,0,5
135,2,5,9
135,2,8,5
135,1,8,6
135,1,0,9
135,1,0,6
135,1,2,9
135,1,2,8
136,15,8,4
136,0,15,3
136,14,8,3
136,10,15,3
136,10,5,3
136,13,15,8
136,13,0,15
136,13,8,3
136,13,0,3
136,9,5,3
136,9,14,3
136,9,14,5
136,11,8,4
136,11,12,4
136,11,12,8
136,1,12,8
136,1,12,5
136,1,14,8
136,1,14,5
136,2,12,5
136,2,10,15
136,2,10,5
136,2,15,4
136,2,12,4
137,2,1,3
137,4,2,7
137,4,2,1
137,12,1,3
137,12,5,3
137,12,5,1
137,11,5,1
137,11,4,7
137,11,4,1
137,6,2,7
137,6,11,7
137,6,11,5
137,6,2,3
137,6,5,3
138,4,9,7
138,4,14,7
138,2,9,7
138,5,10,8
138,5,2,9
138,5,2,10
138,11,14,7
138,11,10,14
138,11,2,7
138,11,2,10
138,6,10,8
138,6,10,14
138,6,4,8
138,6,4,14
138,3,4,8
138,3,4,9
138,1,5,9
138,1,3,9
138,1,5,8
138,1,3,8
139,1,3,9
139,1,3,7
139,12,3,9
139,0,1,7
139,6,3,7
139,6,12,3
139,5,12,9
139,5,1,9
139,5,0,1
139,8,0,7
139,8,6,7
139,8,5,0
139,8,6,12
139,8,5,12
140,3,8,1
140,7,8,1
140,5,3,1
140,9,3,2
140,9,3,8
140,4,3,2
140,4,5,3
140,11,7,1
140,11,5,1
140,11,4,7
140,11,4,5
140,10,9,2
140,10,4,2
140,10,4,7
140,13,7,8
140,13,9,8
140,13,10,7
140,13,10,9
141,11,2,1
141,6,4,1
141,7,2,1
141,7,4,1
141,8,11,5
141,8,4,5
141,8,6,4
141,8,11,1
141,8,6,1
141,13,4,5
141,13,9,5
141,0,11,2
141,0,9,2
141,0,11,5
141,0,9,5
141,10,7,4
141,10,13,4
141,10,13,7
141,3,9,2
141,3,13,9
141,3,7,2
141,3,13,7
142,6,1,2
142,6,1,4
142,7,6,4
142,3,1,2
142,3,1,4
142,3,7,2
142,3,7,4
142,5,6,2
142,5,7,2
142,5,7,6
143,5,6,2
143,0,4,1
143,0,5,1
143,0,5,6
143,3,6,2
143,3,0,6
143,3,0,4
143,7,5,1
143,7,5,2
143,7,4,1
143,7,3,2
143,7,3,4
144,3,7,8
144,9,7,1
144,4,7,8
144,4,9,7
144,0,9,1
144,0,7,1
144,0,3,7
144,0,3,8
144,0,9,8
144,2,4,8
144,2,4,9
144,5,9,8
144,5,2,8
144,5,2,9
145,5,12,14
145,10,5,3
145,10,5,8
145,4,5,14
145,4,5,8
145,7,5,3
145,7,1,3
145,7,1,12
145,2,4,14
145,2,4,8
145,11,12,14
145,11,1,14
145,11,1,12
145,13,1,8
145,13,10,8
145,13,1,3
145,13,10,3
145,6,5,12
145,6,7,12
145,6,7,5
145,0,1,8
145,0,2,8
145,0,1,14
145,0,2,14
146,1,4,3
146,6,4,3
146,6,4,2
146,5,1,3
146,5,1,0
146,5,6,3
146,5,6,0
146,8,1,0
146,8,4,2
146,8,1,4
146,7,6,2
146,7,6,0
146,7,8,2
146,7,8,0
147,7,6,2
147,8,0,1
147,8,6,1
147,8,6,2
147,4,6,1
147,4,7,6
147,4,0,1
147,4,7,0
147,3,8,2
147,3,8,0
147,3,7,2
147,3,7,0
148,7,2,10
148,11,4,1
148,0,4,1
148,0,7,1
148,0,7,2
148,6,2,10
148,6,4,2
148,6,11,10
148,9,7,10
148,9,11,10
148,9,7,1
148,9,11,1
148,8,4,2
148,8,0,2
148,8,0,4
148,3,11,4
148,3,6,4
148,3,6,11
149,6,10,0
149,12,2,0
149,12,6,0
149,12,6,11
149,5,10,0
149,5,10,2
149,7,2,0
149,7,5,0
149,7,5,2
149,8,9,11
149,8,9,2
149,8,12,11
149,8,12,2
149,4,10,2
149,4,9,2
149,1,4,10
149,1,4,9
149,1,9,11
149,1,6,11
149,1,6,10
150,4,8,11
150,7,4,11
150,7,2,11
150,5,8,9
150,5,4,8
150,0,8,11
150,0,2,11
150,10,7,4
150,10,5,9
150,10,5,4
150,1,7,2
150,1,8,9
150,1,10,9
150,1,10,7
150,3,0,8
150,3,0,2
150,3,1,8
150,3,1,2
151,5,8,1
151,3,7,10
151,3,8,6
151,4,7,10
151,4,7,12
151,4,5,12
151,4,1,10
151,4,5,1
151,9,3,6
151,9,3,7
151,0,5,12
151,0,5,8
151,0,8,6
151,0,9,6
151,0,7,12
151,0,9,7
151,2,3,8
151,2,1,10
151,2,3,10
151,11,8,1
151,11,2,1
151,11,2,8
152,4,7,9
152,3,7,9
152,1,4,9
152,1,4,6
152,1,3,9
152,1,3,6
152,0,3,6
152,0,4,6
152,8,3,7
152,8,0,3
152,8,4,7
152,8,0,4
153,6,11,8
153,2,11,1
153,2,4,1
153,2,11,8
153,10,11,1
153,10,6,11
153,5,6,8
153,5,2,8
153,5,2,4
153,0,5,6
153,0,10,1
153,0,10,6
153,0,4,1
153,0,5,4
154,7,1,8
154,7,1,5
154,2,7,5
154,6,1,8
154,6,1,5
154,6,2,5
154,4,7,8
154,4,2,7
154,4,6,8
154,4,6,2
155,0,7,2
155,1,11,10
155,1,0,10
155,1,0,7
155,5,11,10
155,5,0,10
155,5,0,11
155,8,0,2
155,8,0,11
155,9,1,11
155,9,1,7
155,9,7,2
155,4,8,2
155,4,9,2
155,4,8,11
155,4,9,11
156,6,5,0
156,4,5,0
156,4,8,0
156,4,8,5
156,7,5,1
156,7,8,5
156,3,5,1
156,3,6,5
156,3,8,0
156,3,6,0
156,2,7,1
156,2,7,8
156,2,3,1
156,2,3,8
157,12,4,7
157,0,4,3
157,14,4,3
157,14,12,3
157,14,12,4
157,13,0,3
157,13,0,5
157,13,12,3
157,9,0,7
157,9,0,5
157,9,10,5
157,9,12,7
157,9,10,12
157,6,4,7
157,6,0,7
157,6,0,4
157,11,10,12
157,11,13,12
157,11,10,5
157,11,13,5
158,4,12,2
158,7,10,8
158,7,4,2
158,5,7,2
158,5,7,10
158,5,12,2
158,5,12,10
158,6,7,8
158,6,7,4
158,0,12,10
158,1,6,8
158,1,6,4
158,1,9,8
158,1,4,12
158,1,9,12
158,11,9,12
158,11,0,12
158,11,9,8
158,11,10,8
158,11,0,10
159,1,15,6
159,1,15,10
159,1,0,6
159,4,15,6
159,4,5,15
159,2,15,10
159,13,1,10
159,13,1,0
159,13,2,10
159,13,2,0
159,11,4,6
159,11,4,5
159,11,0,6
159,14,2,0
159,14,11,5
159,14,11,0
159,14,5,15
159,14,2,15
160,7,8,2
160,4,8,2
160,10,8,6
160,10,7,8
160,3,8,6
160,3,4,8
160,5,7,2
160,5,4,2
160,5,10,7
160,5,10,6
160,5,3,6
160,5,3,4
161,14,0,12
161,11,1,3
161,11,14,3
161,11,14,12
161,4,1,3
161,4,14,3
161,4,14,0
161,5,0,12
161,5,9,0
161,5,12,10
161,5,9,10
161,13,2,1
161,13,11,1
161,13,11,12
161,13,12,10
161,13,2,10
161,7,4,0
161,7,4,1
161,7,2,1
161,7,2,10
161,7,9,10
161,7,9,0
162,3,14,15
162,7,13,14
162,6,3,8
162,6,3,14
162,6,7,8
162,6,7,14
162,10,13,14
162,9,3,8
162,9,7,8
162,9,7,13
162,9,10,3
162,2,14,15
162,2,10,14
162,2,3,15
162,2,10,3
162,0,10,13
162,0,9,13
162,0,9,10
163,3,8,2
163,3,8,0
163,12,8,2
163,12,11,8
163,6,11,8
163,7,4,2
163,7,3,2
163,5,4,2
163,5,12,2
163,5,11,4
163,5,12,11
163,1,8,0
163,1,6,0
163,1,6,8
163,10,11,4
163,10,6,4
163,10,6,11
163,9,6,4
163,9,7,4
163,9,7,3
163,9,3,0
163,9,6,0
164,7,4,9
164,6,4,9
164,1,7,8
164,0,1,9
164,0,1,8
164,0,6,9
164,0,6,8
164,3,7,9
164,3,1,9
164,3,1,7
164,10,12,4
164,10,6,4
164,10,6,8
164,2,7,8
164,2,5,7
164,2,10,8
164,2,10,12
164,2,5,12
164,11,5,7
164,11,5,12
164,11,7,4
164,11,12,4
165,12,14,0
165,7,3,11
165,7,4,11
165,13,3,11
165,13,14,11
165,13,14,3
165,1,3,0
165,1,14,0
165,1,14,3
165,2,4,11
165,2,12,11
165,2,12,4
165,9,12,0
165,9,12,4
165,9,7,4
165,9,3,0
165,9,7,3
165,8,14,11
165,8,12,11
165,8,12,14
166,6,7,0
166,6,9,0
166,2,8,7
166,2,6,3
166,2,6,7
166,4,2,8
166,10,7,0
166,10,8,7
166,5,9,3
166,5,6,3
166,5,6,9
166,1,9,3
166,1,4,9
166,1,2,3
166,1,4,2
166,11,4,9
166,11,4,8
166,11,9,0
166,11,10,0
166,11,10,8
167,0,11,15
167,8,0,15
167,8,0,10
167,9,0,11
167,2,3,1
167,2,9,1
167,2,9,11
167,2,11,15
167,5,9,1
167,5,9,0
167,5,0,10
167,5,3,1
167,5,3,10
167,7,2,3
167,7,12,3
167,7,12,8
167,6,8,10
167,6,12,8
167,6,3,10
167,6,12,3
167,4,2,15
167,4,7,2
167,4,8,15
167,4,7,8
168,14,8,12
168,10,9,8
168,3,10,1
168,3,10,8
168,3,5,1
168,6,5,12
168,6,8,12
168,6,9,8
168,11,5,1
168,11,10,1
168,11,10,9
168,11,6,9
168,0,14,8
168,0,3,8
168,0,3,14
168,2,3,14
168,2,3,5
168,2,14,12
168,2,5,12
168,7,6,5
168,7,11,5
168,7,11,6
169,8,4,12
169,8,5,12
169,2,4,10
169,2,13,10
169,2,13,4
169,6,4,12
169,6,13,12
169,6,13,4
169,0,5,12
169,0,13,12
169,0,5,10
169,0,13,10
169,11,5,10
169,11,8,5
169,11,4,10
169,11,8,4
170,7,8,15
170,7,1,15
170,7,8,11
170,0,12,11
170,6,12,11
170,6,7,11
170,6,7,1
170,10,8,11
170,10,0,11
170,2,0,12
170,2,9,12
170,2,10,8
170,2,10,0
170,2,9,3
170,2,8,15
170,2,3,15
170,14,9,3
170,14,3,15
170,14,6,12
170,14,9,12
170,14,1,15
170,14,6,1
171,2,5,6
171,2,5,3
171,2,4,6
171,2,4,3
171,0,5,6
171,1,5,3
171,1,4,3
171,1,4,9
171,1,0,5
171,1,0,9
171,8,4,6
171,8,4,9
171,8,0,6
171,8,0,9
172,7,6,9
172,8,2,13
172,8,7,9
172,1,6,9
172,1,8,9
172,1,8,2
172,10,7,13
172,3,7,13
172,3,8,13
172,3,8,7
172,4,2,13
172,4,10,13
172,4,10,2
172,16,10,2
172,16,1,2
172,16,1,6
172,15,7,6
172,15,10,7
172,15,16,6
172,15,16,10
173,1,10,12
173,1,10,14
173,15,1,9
173,16,10,12
173,16,10,6
173,3,10,14
173,7,1,14
173,4,15,6
173,4,15,9
173,8,15,6
173,8,16,6
173,8,16,12
173,8,1,12
173,8,15,1
173,13,10,6
173,13,3,10
173,13,6,14
173,13,3,14
173,2,7,14
173,2,4,7
173,2,6,14
173,2,4,6
173,5,7,1
173,5,4,7
173,5,1,9
173,5,4,9
174,5,2,7
174,0,2,10
174,13,10,7
174,13,2,7
174,13,2,10
174,9,10,7
174,9,5,7
174,9,14,10
174,9,14,5
174,4,5,2
174,4,0,1
174,4,0,2
174,4,14,1
174,4,14,5
174,11,0,1
174,11,0,10
174,8,14,1
174,8,11,1
174,8,14,10
174,8,11,10
175,11,8,14
175,11,8,10
175,9,0,6
175,4,10,6
175,4,11,10
175,4,9,6
175,3,7,8
175,3,10,6
175,3,8,10
175,3,0,6
175,12,13,0
175,12,3,0
175,12,3,7
175,12,7,8
175,12,13,8
175,1,4,9
175,1,9,0
175,1,11,14
175,1,4,11
175,1,13,0
175,1,8,14
175,1,13,8
176,3,2,1
176,7,2,1
176,7,2,4
176,5,2,4
176,5,3,2
176,6,5,4
176,6,7,1
176,6,3,1
176,6,5,3
176,0,7,4
176,0,6,4
176,0,6,7
177,6,3,5
177,6,2,10
177,0,6,5
177,0,6,2
177,9,6,10
177,9,6,3
177,9,2,10
177,9,2,3
177,1,2,3
177,1,0,2
177,1,0,5
177,4,3,5
177,4,1,5
177,4,1,3
178,1,8,5
178,3,1,5
178,2,3,5
178,4,2,6
178,4,2,8
178,4,1,6
178,4,1,8
178,9,8,5
178,9,2,5
178,9,2,8
178,0,2,6
178,0,2,3
178,0,1,6
178,0,3,1
179,6,2,7
179,1,2,7
179,0,6,7
179,0,1,7
179,0,6,2
179,3,1,2
179,3,0,2
179,3,0,1
180,7,4,3
180,7,4,6
180,1,4,6
180,1,11,6
180,14,4,3
180,14,1,4
180,8,7,3
180,8,14,3
180,8,14,1
180,10,7,6
180,10,11,6
180,10,8,7
180,5,10,11
180,5,10,8
180,2,8,1
180,2,5,8
180,2,1,11
180,2,5,11
181,9,6,3
181,9,6,4
181,7,6,3
181,5,6,4
181,5,7,6
181,0,9,3
181,0,7,3
181,1,5,7
181,1,0,7
181,1,5,4
181,1,9,4
181,1,0,9
182,0,4,5
182,0,11,5
182,0,11,9
182,1,11,5
182,6,11,9
182,6,11,4
182,8,11,4
182,8,1,11
182,8,4,5
182,8,1,5
182,10,0,4
182,10,6,4
182,7,6,9
182,7,10,6
182,7,0,9
182,7,10,0
183,0,4,13
183,0,4,14
183,0,6,13
183,0,6,14
183,1,4,14
183,1,2,4
183,5,6,13
183,5,6,8
183,10,4,13
183,10,2,4
183,10,5,13
183,10,5,2
183,12,1,14
183,12,6,14
183,12,6,8
183,9,12,8
183,3,1,2
183,3,9,1
183,3,9,8
183,3,5,8
183,3,5,2
183,11,12,1
183,11,9,1
183,11,9,12
184,15,14,4
184,2,14,11
184,0,14,11
184,0,15,14
184,3,14,4
184,3,2,4
184,3,2,14
184,1,2,11
184,10,0,15
184,7,1,8
184,7,10,8
184,7,10,0
184,7,0,11
184,7,1,11
184,5,1,8
184,5,15,4
184,5,10,8
184,5,10,15
184,6,2,4
184,6,1,2
184,6,5,4
184,6,5,1
185,10,0,13
185,2,5,12
185,8,9,13
185,8,10,13
185,8,10,9
185,15,5,12
185,15,2,12
185,15,10,0
185,15,2,10
185,7,0,13
185,7,9,13
185,7,5,9
185,7,15,0
185,7,15,5
185,1,10,9
185,1,2,10
185,14,1,9
185,14,1,2
185,14,5,9
185,14,2,5
186,2,14,1
186,8,10,1
186,6,10,1
186,6,2,1
186,6,2,10
186,0,2,15
186,4,2,15
186,5,14,1
186,5,8,1
186,5,8,14
186,13,2,14
186,13,0,2
186,13,0,15
186,13,11,15
186,13,8,14
186,13,11,8
186,12,11,15
186,3,8,10
186,3,11,8
186,3,12,11
186,3,12,15
186,3,4,15
186,3,2,10
186,3,4,2
187,6,9,0
187,6,9,3
187,7,9,3
187,2,6,3
187,2,7,3
187,2,7,1
187,8,9,0
187,12,7,1
187,12,6,0
187,12,8,0
187,12,7,9
187,12,8,9
187,4,2,1
187,4,2,6
187,4,12,1
187,4,12,6
188,13,11,15
188,13,0,15
188,3,11,2
188,6,0,2
188,6,13,5
188,6,13,0
188,1,13,5
188,7,11,2
188,7,9,2
188,7,9,11
188,4,0,2
188,4,0,15
188,10,6,5
188,10,6,2
188,10,3,5
188,10,3,2
188,14,3,11
188,14,13,11
188,14,1,13
188,14,3,5
188,14,1,5
188,12,9,2
188,12,4,2
188,12,4,15
188,12,11,15
188,12,9,11
189,7,9,5
189,7,0,5
189,2,3,8
189,2,0,5
189,2,0,8
189,2,9,5
189,4,7,9
189,4,3,8
189,4,3,9
189,4,0,8
189,4,7,0
189,1,3,9
189,1,2,9
189,1,2,3
190,0,6,8
190,9,6,8
190,9,4,8
190,9,5,6
190,9,5,4
190,11,4,8
190,11,5,4
190,11,0,8
190,11,0,5
190,1,0,6
190,2,5,6
190,2,1,6
190,3,0,5
190,3,1,0
190,3,2,5
190,3,2,1
191,3,0,2
191,7,0,8
191,5,0,8
191,5,3,0
191,6,7,0
191,6,7,8
191,11,3,8
191,11,5,8
191,11,5,3
191,9,0,2
191,9,6,2
191,9,6,0
191,4,6,2
191,4,3,2
191,4,6,8
191,4,3,8
192,7,6,0
192,7,6,4
192,8,6,0
192,8,6,4
192,5,7,0
192,5,7,4
192,3,8,0
192,3,5,0
192,2,8,4
192,2,5,4
192,2,3,8
192,2,3,5
193,8,5,11
193,6,4,7
193,6,4,5
193,0,5,11
193,0,4,5
193,10,9,5
193,10,6,7
193,10,6,5
193,12,8,5
193,12,9,5
193,12,9,8
193,15,8,11
193,15,0,11
193,15,0,4
193,2,10,7
193,2,10,9
193,1,15,4
193,1,2,7
193,1,2,9
193,13,4,7
193,13,1,7
193,13,1,4
193,3,15,8
193,3,1,15
193,3,9,8
193,3,1,9
194,3,2,6
194,1,2,0
194,1,5,0
194,1,5,2
194,9,7,5
194,9,2,6
194,9,5,2
194,4,2,0
194,4,3,0
194,4,3,2
194,8,3,6
194,8,9,6
194,8,9,7
194,8,3,0
194,8,5,0
194,8,7,5
195,7,0,1
195,7,0,8
195,7,6,8
195,3,0,1
195,3,0,8
195,3,6,8
195,5,3,1
195,2,3,6
195,2,5,3
195,2,5,1
195,2,7,1
195,2,7,6
196,6,5,1
196,8,4,1
196,8,4,12
196,2,4,1
196,2,6,1
196,14,4,12
196,0,5,1
196,0,8,1
196,0,8,5
196,15,8,12
196,15,8,5
196,11,6,4
196,11,2,4
196,11,2,6
196,13,6,4
196,13,14,4
196,13,6,5
196,7,13,5
196,7,15,12
196,7,15,5
196,3,13,14
196,3,7,13
196,3,14,12
196,3,7,12
197,3,2,6
197,3,7,6
197,8,2,6
197,8,2,1
197,4,7,1
197,4,3,7
197,4,2,1
197,4,3,2
197,5,7,1
197,5,8,1
197,5,7,6
197,5,8,6
198,9,8,2
198,9,4,5
198,9,8,4
198,13,4,5
198,11,3,2
198,11,8,2
198,11,8,4
198,0,3,2
198,0,9,2
198,0,9,5
198,0,13,5
198,12,13,4
198,12,11,4
198,12,0,13
198,12,11,3
198,12,0,3
199,5,8,1
199,5,8,6
199,5,0,1
199,4,8,1
199,4,8,3
199,4,0,1
199,4,0,3
199,2,3,6
199,2,8,6
199,2,8,3
199,7,3,6
199,7,0,3
199,7,5,6
199,7,5,0
200,7,9,5
200,1,9,5
200,11,9,0
200,11,3,0
200,2,9,0
200,2,7,0
200,2,7,9
200,4,3,0
200,4,7,0
200,4,3,5
200,4,7,5
200,8,1,9
200,8,11,9
200,8,11,3
200,8,3,5
200,8,1,5
201,5,6,3
201,5,6,7
201,16,5,3
201,16,0,5
201,8,5,7
201,8,0,7
201,8,0,5
201,11,6,3
201,15,6,7
201,15,0,7
201,15,13,0
201,1,16,3
201,1,16,0
201,4,11,3
201,4,0,3
201,4,13,0
201,2,11,6
201,2,4,13
201,2,4,11
201,9,15,6
201,9,15,13
201,9,2,6
201,9,2,13
201,14,0,3
201,14,1,3
201,14,1,0
202,10,8,0
202,12,5,1
202,12,5,9
202,2,8,0
202,2,10,0
202,6,5,9
202,6,10,9
202,6,8,5
202,6,10,8
202,3,2,1
202,3,2,10
202,3,12,1
202,3,10,9
202,3,12,9
202,4,8,5
202,4,2,8
202,4,5,1
202,4,2,1
203,5,0,6
203,5,0,12
203,5,2,6
203,5,2,12
203,10,2,6
203,10,0,6
203,10,0,4
203,11,2,12
203,11,10,4
203,11,10,2
203,13,0,12
203,13,3,4
203,13,11,4
203,13,11,12
203,8,13,0
203,8,13,3
203,8,0,4
203,8,3,4
204,1,12,10
204,8,12,5
204,2,12,5
204,2,1,5
204,6,12,10
204,6,8,12
204,9,1,12
204,9,2,12
204,9,2,1
204,0,1,10
204,0,6,10
204,0,1,5
204,7,8,5
204,7,0,5
204,7,6,8
204,7,0,6
205,0,6,4
205,3,6,4
205,3,2,6
205,3,5,4
205,3,2,5
205,7,2,6
205,7,2,5
205,7,0,6
205,1,7,5
205,1,7,0
205,1,5,4
205,1,0,4
206,11,4,3
206,5,4,3
206,13,11,8
206,13,4,12
206,13,11,4
206,2,4,12
206,2,5,4
206,0,13,8
206,10,13,12
206,10,0,13
206,10,2,12
206,1,5,3
206,6,2,5
206,6,10,2
206,6,10,0
206,6,1,5
206,6,1,0
206,7,11,3
206,7,1,3
206,7,11,8
206,7,0,8
206,7,1,0
207,10,14,7
207,10,14,3
207,1,6,7
207,1,6,14
207,0,14,3
207,12,10,7
207,8,14,7
207,8,1,7
207,8,1,14
207,13,0,3
207,2,6,14
207,2,0,14
207,2,13,0
207,2,13,3
207,11,10,3
207,11,12,10
207,11,2,3
207,11,2,6
207,4,11,6
207,4,11,12
207,4,6,7
207,4,12,7
208,8,6,11
208,5,6,7
208,5,10,6
208,0,6,7
208,0,8,6
208,9,2,11
208,9,2,10
208,9,6,11
208,9,10,6
208,4,5,7
208,1,0,8
208,1,8,11
208,1,2,11
208,1,0,7
208,1,4,7
208,1,4,2
208,3,2,10
208,3,4,2
208,3,5,10
208,3,4,5
209,11,12,8
209,11,12,2
209,14,12,8
209,14,12,15
209,14,1,8
209,14,1,15
209,0,15,2
209,0,12,2
209,0,12,15
209,5,15,2
209,5,1,15
209,6,5,1
209,10,6,1
209,10,1,8
209,10,11,8
209,9,5,2
209,9,6,5
209,9,11,2
209,7,10,11
209,7,10,6
209,7,9,11
209,7,9,6
210,11,10,7
210,5,10,7
210,9,11,0
210,4,11,7
210,12,11,0
210,12,4,13
210,12,4,11
210,1,5,13
210,1,5,10
210,1,12,13
210,1,9,10
210,1,12,9
210,2,11,10
210,2,9,10
210,2,9,11
210,3,5,13
210,3,4,13
210,3,5,7
210,3,4,7
210,6,9,0
210,6,12,0
210,6,12,9
211,4,12,6
211,7,3,9
211,2,4,6
211,2,3,6
211,2,3,4
211,8,12,6
211,8,7,12
211,8,3,6
211,8,7,3
211,5,10,9
211,5,7,9
211,5,7,12
211,11,4,12
211,13,5,10
211,13,10,9
211,13,3,9
211,13,3,4
211,0,13,5
211,0,5,12
211,0,11,12
211,0,11,4
211,0,13,4
212,4,9,7
212,1,9,7
212,1,9,6
212,10,4,7
212,10,4,0
212,2,4,0
212,2,9,6
212,2,4,9
212,8,1,6
212,8,1,7
212,8,10,0
212,5,2,6
212,5,8,6
212,5,2,0
212,5,8,0
212,3,10,7
212,3,8,7
212,3,8,10
213,5,2,8
213,3,7,6
213,3,7,8
213,3,5,6
213,3,5,8
213,1,7,8
213,1,2,8
213,0,7,6
213,0,1,7
213,4,5,2
213,4,1,2
213,4,0,1
213,4,5,6
213,4,0,6
214,7,8,4
214,5,8,4
214,5,2,4
214,6,2,0
214,6,5,8
214,6,5,2
214,1,7,4
214,1,7,0
214,1,2,4
214,1,2,0
214,3,7,0
214,3,6,0
214,3,7,8
214,3,6,8
215,4,0,2
215,6,0,2
215,8,4,7
215,8,4,3
215,8,6,3
215,1,4,2
215,1,4,3
215,1,6,2
215,1,6,3
215,5,8,7
215,5,4,7
215,5,4,0
215,5,6,0
215,5,8,6
216,0,2,11
216,5,2,11
216,5,0,11
216,5,0,10
216,6,10,1
216,6,0,10
216,6,2,1
216,6,0,2
216,4,5,10
216,7,2,1
216,7,5,2
216,7,4,5
216,7,10,1
216,7,4,10
217,1,6,4
217,13,14,12
217,13,2,14
217,5,6,4
217,5,2,4
217,0,1,4
217,0,1,14
217,0,2,4
217,0,2,14
217,9,1,14
217,9,1,6
217,9,14,12
217,9,6,12
217,3,6,12
217,3,5,12
217,3,5,6
217,8,13,2
217,8,5,2
217,8,13,12
217,8,5,12
218,0,2,7
218,3,2,4
218,3,0,4
218,3,0,2
218,6,2,4
218,6,2,7
218,1,0,4
218,1,0,7
218,1,6,4
218,1,6,7
219,2,7,4
219,8,7,4
219,8,6,4
219,8,6,7
219,10,6,4
219,12,6,7
219,0,10,4
219,9,2,7
219,9,12,7
219,9,12,2
219,5,12,2
219,5,12,6
219,5,10,2
219,5,10,6
219,3,10,2
219,3,0,10
219,3,2,4
219,3,0,4
220,4,1,7
220,6,4,7
220,2,1,7
220,2,1,5
220,3,4,1
220,3,6,4
220,3,1,5
220,3,6,5
220,0,2,7
220,0,2,5
220,0,6,7
220,0,6,5
221,8,4,6
221,11,4,6
221,11,0,6
221,11,0,9
221,5,8,4
221,5,11,9
221,5,11,4
221,7,0,9
221,7,0,6
221,7,8,6
221,2,5,9
221,2,5,8
221,2,7,9
221,2,7,8
222,12,10,1
222,0,7,1
222,0,12,1
222,9,7,1
222,9,10,7
222,6,12,10
222,6,7,4
222,6,10,7
222,11,7,4
222,11,0,7
222,13,10,1
222,13,9,1
222,13,9,10
222,14,0,12
222,14,11,0
222,14,11,4
222,14,6,4
222,14,6,12
223,12,5,7
223,2,5,7
223,2,5,8
223,2,10,7
223,2,10,8
223,0,5,8
223,4,10,8
223,6,12,7
223,6,10,7
223,13,12,11
223,13,6,12
223,13,6,10
223,3,0,11
223,3,0,5
223,3,12,11
223,3,12,5
223,1,4,8
223,1,0,11
223,1,0,8
223,1,4,10
223,1,13,11
223,1,13,10
224,9,3,5
224,9,3,1
224,2,3,5
224,2,7,5
224,6,3,1
224,6,9,1
224,6,9,7
224,11,7,5
224,11,9,5
224,11,9,7
224,4,6,3
224,4,6,7
224,4,2,3
224,4,2,7
225,15,8,1
225,15,8,11
225,14,8,1
225,9,15,1
225,9,15,5
225,2,5,11
225,2,15,11
225,2,15,5
225,0,5,11
225,0,14,5
225,7,9,1
225,7,9,5
225,7,14,1
225,7,14,5
225,4,14,8
225,6,0,14
225,6,4,14
225,6,0,11
225,6,8,11
225,6,4,8
226,4,8,10
226,12,4,8
226,12,6,11
226,12,6,4
226,2,5,10
226,2,5,13
226,2,6,4
226,1,9,11
226,1,9,8
226,1,12,11
226,1,12,8
226,0,9,11
226,14,9,8
226,14,0,9
226,14,2,13
226,14,2,6
226,14,6,11
226,14,0,11
226,16,5,13
226,16,14,8
226,16,14,13
226,7,4,10
226,7,2,10
226,7,2,4
226,3,16,8
226,3,8,10
226,15,16,5
226,15,3,16
226,15,5,10
226,15,3,10
227,12,5,10
227,12,5,6
227,12,8,10
227,3,6,4
227,3,5,6
227,1,5,10
227,9,12,8
227,9,2,8
227,9,12,6
227,9,2,6
227,7,8,10
227,7,1,10
227,0,3,4
227,0,6,4
227,0,2,6
227,0,2,8
227,0,7,8
227,11,0,3
227,11,3,5
227,11,1,5
227,11,7,1
227,11,0,7
228,2,8,5
228,2,4,1
228,2,4,5
228,7,0,1
228,7,4,1
228,7,4,0
228,11,4,5
228,11,4,0
228,3,0,1
228,3,2,1
228,3,8,0
228,3,2,8
228,9,11,5
228,9,11,0
228,9,8,5
228,9,8,0
229,9,5,11
229,0,5,13
229,0,5,11
229,0,10,13
229,0,10,11
229,3,5,13
229,3,8,5
229,4,8,7
229,4,8,5
229,4,9,5
229,4,11,7
229,4,9,11
229,2,10,13
229,2,3,13
229,2,8,7
229,2,11,7
229,2,10,11
229,1,3,8
229,1,2,8
229,1,2,3
230,6,8,12
230,10,9,12
230,10,8,12
230,10,8,9
230,11,9,12
230,0,6,12
230,0,11,12
230,0,11,1
230,13,8,9
230,13,6,8
230,5,11,9
230,5,13,9
230,5,11,1
230,5,13,1
230,3,0,6
230,3,13,6
230,3,0,1
230,3,13,1
231,2,7,6
231,0,7,6
231,0,7,1
231,8,2,6
231,8,2,4
231,5,7,1
231,5,2,7
231,5,2,4
231,5,8,4
231,3,0,6
231,3,0,1
231,3,8,6
231,3,8,1
231,9,8,1
231,9,5,1
231,9,5,8
232,9,7,5
232,10,12,5
232,8,12,5
232,8,7,5
232,8,7,12
232,11,7,12
232,4,9,5
232,4,10,5
232,4,12,2
232,4,10,12
232,0,9,1
232,0,12,1
232,0,12,2
232,0,4,2
232,0,4,9
232,6,9,1
232,6,9,7
232,3,12,1
232,3,11,12
232,3,11,7
232,3,6,1
232,3,6,7
233,5,10,8
233,3,10,8
233,3,6,10
233,11,5,10
233,11,4,10
233,11,5,9
233,11,4,9
233,13,4,9
233,13,7,9
233,13,7,4
233,1,5,8
233,1,3,8
233,1,5,9
233,1,7,9
233,1,3,6
233,1,7,6
233,12,4,10
233,12,7,4
233,12,6,10
233,12,7,6
234,6,9,1
234,4,9,1
234,4,12,9
234,8,4,1
234,8,4,12
234,0,9,10
234,0,2,10
234,0,2,9
234,5,12,9
234,5,2,9
234,5,2,12
234,3,6,1
234,3,8,1
234,7,3,6
234,7,9,10
234,7,6,9
234,11,7,10
234,11,7,3
234,11,2,10
234,11,2,12
234,11,8,12
234,11,3,8
235,3,1,12
235,3,9,12
235,15,13,1
235,2,1,16
235,2,13,1
235,8,9,12
235,8,13,12
235,4,1,16
235,4,3,1
235,0,1,12
235,0,15,1
235,0,13,12
235,0,15,13
235,11,2,13
235,11,2,16
235,10,8,13
235,10,11,13
235,10,8,9
235,10,11,9
235,14,11,16
235,14,4,16
235,14,4,3
235,14,3,9
235,14,11,9
236,5,1,7
236,5,4,7
236,10,1,8
236,9,4,8
236,11,1,7
236,11,10,1
236,11,4,7
236,11,4,8
236,11,10,8
236,3,1,8
236,3,9,8
236,3,9,1
236,2,5,4
236,2,9,4
236,2,5,1
236,2,9,1
237,8,2,1
237,8,14,1
237,8,0,14
237,4,14,15
237,4,0,2
237,3,14,15
237,12,2,1
237,12,10,2
237,12,3,10
237,12,14,1
237,12,3,14
237,11,0,2
237,11,8,2
237,11,8,0
237,7,0,14
237,7,4,14
237,7,4,0
237,9,3,15
237,9,3,10
237,9,10,2
237,9,6,2
237,5,4,2
237,5,6,2
237,5,4,15
237,5,9,15
237,5,9,6
238,6,4,7
238,6,1,7
238,2,4,7
238,2,3,4
238,2,1,7
238,2,3,1
238,5,3,4
238,5,3,1
238,0,6,1
238,0,5,1
238,0,6,4
238,0,5,4
239,2,6,0
239,10,12,9
239,7,6,0
239,14,2,0
239,14,12,9
239,14,12,0
239,5,10,12
239,3,10,9
239,3,2,6
239,3,5,6
239,3,5,10
239,8,12,0
239,8,7,0
239,11,7,6
239,11,5,6
239,11,5,12
239,11,8,12
239,11,8,7
239,15,14,9
239,15,14,2
239,15,3,9
239,15,3,2
240,9,7,8
240,9,14,8
240,3,9,7
240,3,9,14
240,0,12,8
240,11,12,2
240,11,3,2
240,11,3,7
240,11,0,7
240,11,0,12
240,5,14,8
240,5,12,8
240,1,3,2
240,1,3,14
240,6,7,8
240,6,0,8
240,6,0,7
240,13,5,14
240,13,1,14
240,13,1,2
240,13,12,2
240,13,5,12
241,6,16,12
241,6,16,13
241,6,10,13
241,6,15,12
241,6,10,15
241,7,16,13
241,5,13,3
241,5,7,3
241,5,7,13
241,0,10,15
241,0,4,15
241,0,10,13
241,0,13,3
241,0,4,3
241,1,4,15
241,1,7,3
241,1,4,3
241,11,15,12
241,11,1,15
241,9,11,1
241,9,7,16
241,9,1,7
241,9,16,12
241,9,11,12
242,6,1,9
242,6,16,4
242,0,1,9
242,0,5,1
242,2,8,4
242,2,8,1
242,2,6,4
242,2,6,1
242,14,13,16
242,14,5,1
242,14,8,1
242,14,16,4
242,14,8,4
242,14,13,9
242,14,0,9
242,14,0,5
242,3,6,16
242,3,13,16
242,3,6,9
242,3,13,9
243,2,3,1
243,4,2,9
243,4,2,3
243,4,6,9
243,4,3,6
243,10,3,1
243,10,3,6
243,11,6,9
243,11,5,6
243,11,2,9
243,11,5,2
243,7,2,1
243,7,5,2
243,7,10,1
243,7,10,5
243,0,5,6
243,0,10,6
243,0,10,5
244,4,0,7
244,4,0,6
244,8,3,6
244,2,0,6
244,2,3,6
244,2,3,0
244,5,8,7
244,5,8,3
244,5,0,7
244,5,3,0
244,1,4,6
244,1,8,6
244,1,4,7
244,1,8,7
245,7,2,5
245,7,2,1
245,7,4,1
245,7,6,4
245,3,2,5
245,3,2,4
245,8,4,1
245,8,2,1
245,0,7,5
245,0,7,6
245,0,3,5
245,0,6,4
245,0,3,4
245,10,2,4
245,10,8,4
245,10,8,2
246,4,3,5
246,6,3,1
246,6,4,3
246,7,3,5
246,7,3,1
246,0,7,1
246,0,6,1
246,0,6,4
246,2,0,4
246,2,0,7
246,2,4,5
246,2,7,5
247,6,4,8
247,6,4,9
247,10,4,8
247,12,4,9
247,12,10,4
247,11,6,8
247,0,10,8
247,0,11,8
247,7,6,9
247,7,11,6
247,7,12,9
247,7,11,12
247,5,11,12
247,5,0,11
247,5,12,10
247,5,0,10
248,7,2,1
248,4,2,1
248,4,0,1
248,5,7,1
248,5,7,9
248,5,0,1
248,3,7,9
248,3,7,2
248,3,0,9
248,8,4,2
248,8,4,0
248,8,3,2
248,8,3,0
248,6,0,9
248,6,5,9
248,6,5,0
249,11,0,10
249,1,0,10
249,1,6,10
249,1,6,0
249,8,6,10
249,8,11,6
249,9,11,0
249,5,11,10
249,5,8,10
249,5,8,11
249,12,11,6
249,12,9,11
249,12,6,0
249,12,9,0
250,2,12,6
250,2,10,12
250,4,12,6
250,4,12,5
250,0,12,5
250,0,10,5
250,0,10,12
250,13,2,6
250,13,2,10
250,11,4,6
250,14,10,5
250,14,4,5
250,14,11,4
250,14,13,10
250,3,13,6
250,3,11,6
250,3,14,13
250,3,14,11
251,8,1,4
251,8,10,1
251,7,1,6
251,7,1,4
251,11,10,6
251,11,10,1
251,3,10,6
251,3,8,10
251,2,7,6
251,9,1,6
251,9,11,6
251,9,11,1
251,0,3,8
251,0,8,4
251,0,3,6
251,0,2,6
251,0,7,4
251,0,2,7
252,7,0,6
252,3,0,11
252,8,7,0
252,8,2,7
252,4,0,6
252,4,3,0
252,10,3,11
252,10,8,11
252,10,8,2
252,10,4,6
252,10,7,6
252,10,2,7
252,5,0,11
252,5,8,11
252,5,8,0
252,9,4,3
252,9,10,3
252,9,10,4
253,2,6,1
253,9,6,7
253,9,6,1
253,0,6,7
253,0,2,7
253,0,2,6
253,4,2,1
253,4,2,7
253,4,9,7
253,4,9,10
253,8,4,10
253,8,9,1
253,8,9,10
253,5,4,1
253,5,8,1
253,5,8,4
254,6,0,4
254,2,0,4
254,2,0,7
254,1,0,7
254,1,6,7
254,1,6,0
254,5,6,7
254,5,2,7
254,5,6,4
254,5,2,4
255,12,4,14
255,12,1,4
255,13,4,10
255,13,4,14
255,9,4,10
255,9,1,4
255,5,9,1
255,5,13,10
255,5,9,10
255,6,5,1
255,6,12,14
255,6,12,1
255,7,13,14
255,7,5,13
255,3,6,14
255,3,6,5
255,3,7,14
255,3,7,5
256,11,1,10
256,6,1,4
256,6,1,10
256,5,1,4
256,5,11,1
256,5,0,11
256,7,6,10
256,7,6,0
256,8,6,4
256,8,6,0
256,2,5,4
256,2,5,0
256,2,8,4
256,2,8,0
256,3,0,11
256,3,7,0
256,3,11,10
256,3,7,10
257,10,11,2
257,7,11,4
257,12,11,4
257,12,10,4
257,12,10,11
257,8,7,4
257,0,8,7
257,0,11,2
257,0,7,11
257,0,10,2
257,0,8,10
257,6,10,4
257,6,8,4
257,6,8,10
258,2,1,9
258,10,6,9
258,10,1,9
258,11,7,6
258,3,2,9
258,8,10,6
258,13,11,7
258,13,2,1
258,4,6,12
258,4,11,6
258,4,13,12
258,4,13,11
258,5,3,2
258,5,13,2
258,0,6,9
258,0,3,9
258,0,3,6
258,14,10,1
258,14,8,10
258,14,13,7
258,14,13,1
258,14,7,6
258,14,8,6
258,15,13,12
258,15,5,13
258,15,5,3
258,15,6,12
258,15,3,6
259,9,10,1
259,9,10,3
259,9,8,3
259,2,10,1
259,6,9,1
259,6,9,8
259,6,2,1
259,6,2,8
259,4,10,3
259,4,2,10
259,4,8,3
259,4,2,8
260,0,8,3
260,0,8,7
260,0,11,7
260,5,8,7
260,5,11,7
260,10,0,3
260,1,5,3
260,1,5,8
260,12,0,11
260,12,10,0
260,12,10,3
260,12,5,3
260,12,5,11
260,6,8,3
260,6,1,3
260,6,1,8
261,11,2,1
261,8,2,1
261,8,2,5
261,4,9,12
261,4,2,12
261,4,2,5
261,7,9,1
261,7,9,5
261,7,8,1
261,7,8,5
261,0,9,1
261,0,11,1
261,0,9,12
261,0,2,12
261,0,11,2
261,6,9,5
261,6,4,5
261,6,4,9
262,15,9,14
262,11,15,9
262,1,5,9
262,13,15,14
262,4,11,8
262,4,11,15
262,0,1,8
262,0,1,9
262,0,11,8
262,0,11,9
262,7,13,14
262,7,9,14
262,7,5,9
262,3,13,15
262,3,4,15
262,3,1,5
262,3,7,5
262,3,7,13
262,2,4,8
262,2,3,4
262,2,1,8
262,2,3,1
263,3,4,1
263,8,4,1
263,0,8,4
263,6,3,2
263,6,0,8
263,6,3,1
263,6,8,1
263,7,0,4
263,7,3,2
263,7,3,4
263,7,6,2
263,7,6,0
264,4,1,5
264,4,1,0
264,2,1,0
264,6,2,5
264,7,2,0
264,7,4,0
264,7,2,5
264,7,4,5
264,8,2,1
264,8,6,2
264,8,1,5
264,8,6,5
265,8,7,0
265,10,7,12
265,10,11,12
265,10,11,9
265,1,9,0
265,1,11,9
265,3,11,12
265,3,8,11
265,3,7,12
265,3,8,7
265,4,10,7
265,4,10,9
265,4,7,0
265,4,9,0
265,2,1,0
265,2,1,11
265,2,8,0
265,2,8,11
266,6,3,9
266,0,3,4
266,5,3,4
266,5,6,4
266,5,6,3
266,7,3,9
266,7,0,3
266,1,7,0
266,1,6,9
266,1,7,9
266,2,1,6
266,2,1,0
266,2,6,4
266,2,0,4
267,1,11,3
267,12,11,3
267,7,10,9
267,14,11,9
267,14,1,11
267,6,14,1
267,6,10,9
267,6,14,9
267,0,11,9
267,8,10,11
267,8,7,10
267,13,1,3
267,13,6,1
267,13,6,10
267,13,12,3
267,13,10,11
267,13,12,11
267,5,0,11
267,5,8,11
267,5,8,7
267,5,7,9
267,5,0,9
268,3,5,1
268,2,7,5
268,0,3,1
268,0,2,7
268,6,7,5
268,6,3,5
268,6,0,7
268,6,0,3
268,4,5,1
268,4,2,5
268,4,0,1
268,4,0,2
269,3,4,0
269,3,4,5
269,3,1,5
269,6,4,0
269,6,4,5
269,2,3,0
269,2,3,1
269,2,6,0
269,2,6,1
269,7,1,5
269,7,6,5
269,7,6,1
270,4,9,7
270,4,3,9
270,11,3,6
270,11,3,10
270,5,0,6
270,5,0,9
270,5,3,6
270,5,3,9
270,2,3,10
270,2,4,3
270,2,15,7
270,12,15,7
270,12,9,7
270,12,0,9
270,12,2,0
270,12,2,15
270,14,0,6
270,14,2,0
270,14,2,10
270,14,11,6
270,14,11,10
270,1,4,7
270,1,2,7
270,1,2,4
271,1,7,3
271,8,10,4
271,8,1,3
271,8,1,4
271,2,7,3
271,5,10,4
271,5,7,10
271,5,1,4
271,5,1,7
271,9,8,3
271,9,8,10
271,9,2,3
271,6,2,7
271,6,9,2
271,6,7,10
271,6,9,10
272,9,15,13
272,9,15,2
272,9,10,2
272,7,15,13
272,7,3,13
272,14,15,2
272,14,3,2
272,14,7,15
272,5,3,2
272,5,3,13
272,5,9,13
272,5,9,10
272,6,7,3
272,6,14,3
272,6,14,7
272,4,10,2
272,4,5,2
272,1,5,10
272,1,4,10
272,0,4,5
272,0,1,5
272,0,1,4
273,0,3,6
273,2,3,6
273,5,0,6
273,5,0,3
273,7,2,4
273,7,2,6
273,7,5,4
273,7,5,6
273,1,2,4
273,1,2,3
273,1,5,4
273,1,5,3
274,5,6,1
274,3,6,1
274,3,0,1
274,3,0,6
274,10,0,6
274,2,5,6
274,9,0,11
274,9,2,11
274,9,2,5
274,9,0,1
274,9,5,1
274,8,10,6
274,8,2,6
274,4,8,11
274,4,8,10
274,4,0,11
274,4,10,0
274,7,2,11
274,7,8,11
274,7,8,2
275,14,5,4
275,1,11,3
275,1,11,4
275,10,5,3
275,10,5,2
275,10,1,3
275,10,1,2
275,13,11,4
275,13,14,4
275,13,14,11
275,15,5,3
275,15,14,5
275,15,11,3
275,15,14,11
275,0,1,4
275,7,5,2
275,7,1,2
275,7,0,1
275,9,7,5
275,9,7,0
275,9,5,4
275,9,0,4
276,15,4,14
276,12,4,14
276,12,8,14
276,12,4,11
276,1,4,11
276,9,8,14
276,9,15,14
276,7,9,8
276,7,9,15
276,13,15,4
276,13,1,4
276,13,15,11
276,13,1,11
276,3,7,15
276,3,12,8
276,3,7,8
276,0,12,11
276,0,3,12
276,0,15,11
276,0,3,15
277,8,12,5
277,8,12,6
277,3,8,5
277,4,12,5
277,4,3,5
277,4,3,7
277,11,12,6
277,0,3,7
277,13,4,12
277,13,11,12
277,13,4,7
277,13,11,7
277,2,0,6
277,2,0,7
277,2,11,6
277,2,11,7
277,10,3,8
277,10,0,3
277,10,8,6
277,10,0,6
278,8,2,3
278,8,2,5
278,0,2,5
278,9,8,3
278,9,8,5
278,4,0,2
278,1,0,5
278,1,9,5
278,1,0,3
278,6,2,3
278,6,4,2
278,6,0,3
278,6,4,0
278,7,9,3
278,7,1,3
278,7,1,9
279,4,2,3
279,4,2,8
279,5,2,11
279,5,2,8
279,1,9,8
279,1,2,3
279,1,9,2
279,6,2,11
279,6,9,2
279,6,5,11
279,6,9,8
279,6,5,8
279,13,4,3
279,13,4,8
279,13,1,3
279,13,1,8
280,8,6,3
280,0,6,3
280,5,0,3
280,5,8,10
280,4,0,6
280,4,8,10
280,4,8,6
280,4,5,10
280,4,5,0
280,7,8,3
280,7,5,3
280,7,5,8
281,6,2,3
281,4,2,0
281,4,6,0
281,4,6,2
281,1,2,3
281,1,2,0
281,1,6,3
281,5,6,0
281,5,1,0
281,5,1,6
282,1,3,6
282,7,5,2
282,7,1,6
282,7,1,5
282,0,3,2
282,0,3,6
282,0,7,2
282,0,7,6
282,4,5,2
282,4,3,2
282,4,1,5
282,4,1,3
283,3,5,4
283,1,5,7
283,0,5,4
283,0,1,4
283,0,1,5
283,2,3,4
283,2,1,4
283,2,1,7
283,6,2,7
283,6,2,3
283,6,5,7
283,6,3,5
284,0,13,2
284,0,8,5
284,0,8,3
284,11,1,2
284,11,1,12
284,14,12,5
284,14,13,12
284,4,8,5
284,4,8,3
284,4,12,5
284,4,3,12
284,9,3,12
284,9,1,12
284,9,1,2
284,9,0,2
284,9,0,3
284,15,13,12
284,15,11,12
284,15,13,2
284,15,11,2
284,7,14,5
284,7,14,13
284,7,0,5
284,7,0,13
285,3,7,0
285,3,2,9
285,1,7,0
285,1,6,0
285,1,6,2
285,1,3,2
285,1,3,7
285,8,2,9
285,8,6,9
285,8,6,2
285,5,3,9
285,5,6,9
285,4,3,0
285,4,5,3
285,4,6,0
285,4,5,6
286,0,3,2
286,0,13,11
286,4,3,2
286,4,3,11
286,4,13,11
286,5,3,11
286,5,0,11
286,5,0,3
286,7,0,2
286,7,4,2
286,12,0,13
286,12,7,0
286,12,4,13
286,12,7,4
287,2,1,8
287,3,1,8
287,3,0,8
287,3,0,1
287,6,0,8
287,6,2,8
287,6,2,0
287,4,0,1
287,4,2,1
287,4,2,0
288,7,4,3
288,7,4,0
288,7,5,0
288,2,4,3
288,2,6,3
288,2,6,4
288,9,7,3
288,9,7,5
288,1,5,0
288,1,9,0
288,1,9,5
288,8,4,0
288,8,9,0
288,8,6,4
288,8,6,3
288,8,9,3
289,5,3,1
289,0,3,1
289,0,5,1
289,0,7,5
289,2,3,4
289,2,0,4
289,2,0,7
289,2,5,3
289,2,7,5
289,6,3,4
289,6,0,4
289,6,0,3
290,2,9,10
290,0,8,6
290,0,9,6
290,7,9,6
290,7,2,9
290,7,8,6
290,7,2,8
290,4,0,10
290,4,0,8
290,4,2,10
290,4,2,8
290,5,9,10
290,5,0,10
290,5,0,9
291,9,0,6
291,9,7,1
291,2,0,1
291,2,9,1
291,2,9,0
291,3,9,6
291,3,9,7
291,3,4,6
291,3,4,7
291,8,0,6
291,8,4,6
291,8,4,0
291,5,7,1
291,5,4,7
291,5,0,1
291,5,4,0
292,0,2,4
292,7,5,2
292,10,2,4
292,10,5,4
292,10,5,2
292,12,0,2
292,9,5,4
292,9,0,4
292,9,7,3
292,9,7,5
292,9,12,3
292,9,12,0
292,1,12,3
292,1,12,2
292,1,7,3
292,1,7,2
293,7,14,4
293,15,14,12
293,15,7,14
293,16,15,7
293,2,14,4
293,2,11,4
293,8,11,4
293,8,11,3
293,5,11,3
293,0,16,3
293,0,5,3
293,0,15,12
293,0,16,15
293,0,14,12
293,0,5,14
293,1,16,3
293,1,7,4
293,1,16,7
293,13,5,11
293,6,8,3
293,6,1,3
293,6,8,4
293,6,1,4
293,9,13,11
293,9,2,14
293,9,2,11
293,9,5,14
293,9,13,5
294,5,7,0
294,2,7,6
294,4,7,6
294,4,5,7
294,8,5,0
294,8,5,6
294,8,2,6
294,10,5,6
294,10,4,6
294,10,4,5
294,9,8,2
294,9,2,7
294,3,7,0
294,3,9,7
294,3,8,0
294,3,9,8
295,4,11,9
295,5,4,2
295,5,4,13
295,5,8,13
295,7,4,13
295,7,8,9
295,7,8,13
295,6,4,2
295,6,4,11
295,1,11,9
295,1,8,9
295,1,6,11
295,1,6,2
295,10,4,9
295,10,7,9
295,10,7,4
295,12,1,2
295,12,1,8
295,12,5,2
295,12,5,8
296,3,7,5
296,1,7,5
296,0,3,6
296,0,3,7
296,0,1,6
296,0,1,7
296,2,3,5
296,2,3,6
296,2,1,6
296,4,1,5
296,4,2,5
296,4,2,1
297,3,7,8
297,3,7,5
297,6,7,8
297,6,1,8
297,6,1,7
297,2,1,7
297,2,1,8
297,2,3,8
297,4,3,5
297,4,2,3
297,4,7,5
297,4,2,7
298,3,0,6
298,3,2,9
298,3,2,6
298,11,0,6
298,11,5,0
298,8,2,9
298,8,5,2
298,10,3,0
298,10,8,9
298,10,5,0
298,10,8,5
298,7,5,2
298,7,11,5
298,7,2,6
298,7,11,6
298,1,3,9
298,1,10,9
298,1,10,3
299,1,6,5
299,1,11,6
299,9,6,5
299,8,9,0
299,7,9,0
299,7,9,6
299,7,11,6
299,2,8,11
299,2,1,5
299,2,1,11
299,2,9,5
299,2,8,9
299,4,8,0
299,4,8,11
299,4,7,0
299,4,7,11
300,5,8,7
300,4,8,7
300,4,1,7
300,3,1,0
300,3,1,8
300,3,5,0
300,3,5,8
300,2,1,0
300,2,5,0
300,2,1,7
300,2,5,7
300,6,1,8
300,6,4,8
300,6,4,1
301,5,2,8
301,5,3,2
301,7,2,8
301,4,0,2
301,4,3,2
301,1,5,8
301,1,5,3
301,1,4,3
301,1,0,8
301,1,4,0
301,6,0,2
301,6,7,2
301,6,0,8
301,6,7,8
302,10,5,11
302,0,6,14
302,1,5,11
302,15,10,14
302,15,10,11
302,15,6,14
302,15,6,11
302,16,0,6
302,12,6,11
302,12,1,11
302,12,1,6
302,7,1,6
302,2,16,5
302,2,16,6
302,2,7,6
302,13,0,14
302,13,16,0
302,13,10,14
302,13,16,10
302,9,10,5
302,9,16,5
302,9,16,10
302,8,1,5
302,8,7,1
302,8,2,5
302,8,2,7
303,6,8,9
303,11,8,9
303,11,8,10
303,11,6,9
303,1,6,2
303,4,6,2
303,4,11,2
303,4,11,6
303,7,1,10
303,7,1,2
303,5,8,10
303,5,1,10
303,5,1,8
303,0,6,8
303,0,1,8
303,0,1,6
303,12,7,10
303,12,7,2
303,12,11,10
303,12,11,2
304,3,7,5
304,3,0,8
304,1,7,5
304,4,1,7
304,4,3,8
304,4,3,7
304,2,4,8
304,2,4,1
304,2,1,5
304,6,0,8
304,6,2,8
304,6,2,5
304,6,3,5
304,6,3,0
305,3,1,5
305,3,1,4
305,0,9,5
305,0,9,4
305,0,3,5
305,0,3,4
305,6,1,5
305,8,9,4
305,8,1,4
305,8,6,9
305,8,6,1
305,7,9,5
305,7,6,5
305,7,6,9
306,1,6,0
306,2,1,6
306,4,6,0
306,4,5,0
306,4,5,6
306,3,1,0
306,3,5,0
306,3,2,1
306,7,3,5
306,7,3,2
306,7,5,6
306,7,2,6
307,12,0,4
307,12,0,10
307,11,0,4
307,11,7,4
307,6,7,0
307,2,12,10
307,2,6,10
307,2,6,7
307,2,7,4
307,2,12,4
307,5,7,0
307,5,11,0
307,5,11,7
307,3,0,10
307,3,6,10
307,3,6,0
308,11,5,0
308,11,5,2
308,4,3,0
308,4,11,0
308,4,11,3
308,9,1,0
308,9,1,2
308,9,5,0
308,9,5,2
308,10,1,2
308,10,11,2
308,10,11,3
308,10,3,0
308,10,1,0
309,10,3,4
309,10,3,6
309,9,3,4
309,7,9,1
309,7,0,4
309,7,9,4
309,11,9,1
309,11,2,6
309,11,3,6
309,11,9,3
309,8,2,0
309,8,7,1
309,8,7,0
309,8,11,1
309,8,11,2
309,12,2,0
309,12,0,4
309,12,10,4
309,12,10,6
309,12,2,6
310,10,11,15
310,5,6,15
310,8,11,15
310,8,6,15
310,8,6,11
310,4,5,7
310,13,4,7
310,13,4,10
310,12,5,7
310,12,13,7
310,1,4,10
310,3,5,15
310,3,4,5
310,3,1,4
310,3,10,15
310,3,1,10
310,2,10,11
310,2,13,10
310,16,5,6
310,16,12,5
310,16,6,11
310,16,12,11
310,0,12,11
310,0,12,13
310,0,2,11
310,0,2,13
311,10,9,2
311,4,10,2
311,0,9,3
311,0,9,2
311,0,4,3
311,0,4,2
311,1,9,3
311,1,10,3
311,1,10,9
311,6,10,3
311,6,4,3
311,6,4,10
312,4,7,2
312,9,7,2
312,10,4,2
312,10,9,2
312,6,4,7
312,1,7,5
312,1,9,7
312,1,10,5
312,1,10,9
312,0,10,4
312,0,6,4
312,0,10,5
312,0,7,5
312,0,6,7
313,9,12,6
313,9,4,6
313,0,12,6
313,0,4,6
313,5,9,4
313,5,8,1
313,5,8,4
313,5,10,1
313,5,10,9
313,7,0,12
313,3,8,4
313,3,0,4
313,3,7,0
313,11,9,12
313,11,10,9
313,11,10,1
313,11,8,1
313,11,7,12
313,11,3,8
313,11,3,7
314,8,4,10
314,8,1,10
314,2,4,10
314,2,1,10
314,0,4,9
314,0,8,4
314,0,8,1
314,6,4,9
314,6,2,4
314,6,2,1
314,7,6,9
314,7,6,1
314,7,0,9
314,7,0,1
315,0,11,10
315,3,0,10
315,3,9,11
315,4,11,10
315,4,9,11
315,4,3,9
315,6,0,11
315,6,3,11
315,6,3,0
315,2,3,10
315,2,4,10
315,2,4,3
316,2,9,6
316,0,4,6
316,0,9,6
316,0,9,4
316,10,9,5
316,11,7,5
316,11,7,4
316,11,9,5
316,11,9,4
316,8,2,6
316,8,4,6
316,8,7,4
316,1,2,9
316,1,10,9
316,1,10,5
316,3,7,5
316,3,8,7
316,3,8,2
316,3,1,5
316,3,1,2
317,3,7,10
317,0,7,2
317,0,3,7
317,9,3,8
317,6,0,2
317,6,7,2
317,6,7,10
317,5,0,8
317,5,9,8
317,5,6,10
317,5,6,0
317,5,3,10
317,5,9,3
317,1,3,8
317,1,0,3
317,4,0,8
317,4,1,8
317,4,1,0
318,14,11,0
318,14,3,0
318,15,3,0
318,15,3,5
318,15,9,5
318,15,11,0
318,15,9,11
318,4,14,11
318,7,4,1
318,7,4,11
318,2,9,5
318,2,3,1
318,2,3,5
318,2,7,1
318,2,9,11
318,2,7,11
318,8,14,3
318,8,4,14
318,8,3,1
318,8,4,1
319,6,13,5
319,15,12,10
319,8,13,5
319,8,12,13
319,1,12,10
319,1,8,12
319,7,12,13
319,7,15,12
319,2,6,13
319,14,8,5
319,14,1,8
319,14,6,5
319,14,1,6
319,3,7,13
319,3,7,15
319,3,2,13
319,9,15,10
319,9,3,15
319,9,3,2
319,11,2,6
319,11,9,2
319,4,1,6
319,4,11,6
319,4,11,9
319,4,1,10
319,4,9,10
320,10,7,2
320,10,7,4
320,15,7,14
320,12,7,4
320,12,7,14
320,0,1,14
320,0,15,14
320,0,7,2
320,0,15,7
320,5,0,2
320,5,0,1
320,13,1,14
320,13,12,4
320,13,10,4
320,8,10,2
320,8,5,2
320,6,5,1
320,6,13,1
320,6,13,10
320,6,8,10
320,6,8,5
320,3,12,14
320,3,13,14
320,3,13,12
321,12,13,6
321,12,13,4
321,16,13,10
321,11,0,4
321,8,11,0
321,7,0,4
321,7,12,4
321,7,0,6
321,7,12,6
321,5,13,4
321,5,16,4
321,5,16,13
321,1,11,4
321,1,16,10
321,1,16,4
321,9,0,6
321,9,8,0
321,9,13,6
321,9,8,13
321,3,13,10
321,3,8,13
321,14,8,11
321,14,3,8
321,14,3,10
321,14,1,10
321,14,1,11
322,4,8,3
322,1,8,9
322,1,8,3
322,1,4,9
322,1,4,3
322,0,8,9
322,0,4,9
322,6,4,8
322,6,0,8
322,6,0,4
323,3,10,5
323,3,10,9
323,7,10,5
323,7,10,9
323,1,7,5
323,8,3,5
323,8,1,5
323,6,3,9
323,6,1,9
323,6,8,3
323,6,8,1
323,4,7,9
323,4,1,9
323,4,1,7
324,3,5,2
324,3,5,10
324,9,5,2
324,9,0,2
324,9,0,5
324,1,5,10
324,1,0,10
324,1,0,5
324,6,0,2
324,6,3,2
324,11,6,0
324,11,6,3
324,4,3,10
324,4,11,3
324,7,4,10
324,7,4,11
324,7,0,10
324,7,11,0
325,12,2,1
325,14,11,1
325,7,14,13
325,7,14,11
325,10,12,2
325,10,7,2
325,10,7,11
325,10,11,1
325,10,12,1
325,8,6,13
325,8,7,13
325,8,7,2
325,8,2,1
325,8,15,1
325,9,6,13
325,9,14,13
325,16,8,6
325,16,8,15
325,4,9,6
325,4,16,6
325,4,14,1
325,4,9,14
325,4,15,1
325,4,16,15
326,11,12,0
326,13,12,0
326,4,13,10
326,2,5,10
326,2,5,11
326,2,4,10
326,2,4,11
326,6,5,11
326,3,13,12
326,3,6,12
326,3,6,5
326,3,13,10
326,3,5,10
326,9,13,0
326,9,4,13
326,9,11,0
326,9,4,11
326,1,11,12
326,1,6,12
326,1,6,11
327,7,9,3
327,0,9,3
327,0,6,9
327,5,0,3
327,5,0,6
327,5,4,3
327,5,4,6
327,1,7,3
327,1,4,7
327,8,4,6
327,8,4,7
327,8,6,9
327,8,7,9
327,2,4,3
327,2,1,3
327,2,1,4
328,12,1,8
328,0,1,8
328,0,9,8
328,0,9,1
328,2,12,11
328,14,9,8
328,14,12,8
328,15,9,1
328,15,4,11
328,15,2,11
328,15,12,1
328,15,2,12
328,3,12,11
328,3,14,12
328,3,4,11
328,3,14,9
328,6,15,9
328,6,15,4
328,6,3,9
328,6,3,4
329,1,10,7
329,5,2,7
329,5,1,7
329,14,10,7
329,14,2,10
329,13,2,10
329,3,1,10
329,6,2,7
329,6,14,7
329,6,14,2
329,11,13,12
329,11,13,10
329,11,3,12
329,11,3,10
329,0,5,1
329,0,3,1
329,0,3,12
329,0,13,12
329,0,5,2
329,0,13,2
330,13,5,7
330,13,1,7
330,13,1,5
330,11,5,8
330,11,1,5
330,9,5,7
330,9,10,5
330,3,5,8
330,3,10,8
330,3,10,5
330,4,1,7
330,4,9,7
330,4,9,10
330,12,4,10
330,12,11,1
330,12,4,1
330,6,12,10
330,6,10,8
330,6,12,11
330,6,11,8
331,6,2,8
331,7,6,8
331,5,2,8
331,5,7,0
331,5,7,8
331,1,6,0
331,1,7,0
331,1,7,6
331,4,5,0
331,4,5,2
331,4,6,0
331,4,6,2
332,6,2,0
332,7,6,2
332,1,2,0
332,1,7,5
332,1,7,2
332,3,1,0
332,3,1,5
332,3,6,0
332,3,7,5
332,3,7,6
333,9,11,4
333,12,11,10
333,12,5,10
333,2,11,4
333,2,12,11
333,3,5,4
333,3,12,5
333,3,2,4
333,3,2,12
333,7,9,4
333,7,16,9
333,7,5,4
333,7,16,5
333,13,5,10
333,8,9,11
333,8,15,9
333,8,11,10
333,8,13,10
333,8,13,15
333,6,13,5
333,6,16,9
333,6,16,5
333,14,15,9
333,14,13,15
333,14,6,9
333,14,6,13
334,9,8,11
334,9,3,11
334,6,8,11
334,5,9,8
334,0,9,3
334,4,8,12
334,4,6,8
334,4,3,12
334,2,3,11
334,2,6,11
334,2,6,3
334,1,3,12
334,1,0,3
334,7,6,3
334,7,4,3
334,7,4,6
334,10,0,9
334,10,1,0
334,10,5,9
334,10,1,12
334,10,8,12
334,10,5,8
335,0,9,11
335,8,9,3
335,4,9,11
335,1,6,11
335,10,8,3
335,10,1,3
335,10,1,6
335,14,6,11
335,14,4,11
335,14,4,6
335,12,4,9
335,12,4,6
335,2,1,3
335,2,1,0
335,2,9,3
335,2,0,9
335,13,0,11
335,13,1,11
335,13,1,0
335,7,12,6
335,7,10,6
335,7,10,8
335,7,8,9
335,7,12,9
336,5,0,10
336,8,4,10
336,8,4,13
336,12,0,10
336,12,4,10
336,6,0,13
336,6,4,13
336,6,12,0
336,6,12,4
336,9,0,13
336,9,5,0
336,1,5,10
336,1,8,10
336,1,9,5
336,15,1,8
336,15,1,9
336,15,8,13
336,15,9,13
337,2,0,4
337,7,2,4
337,7,2,6
337,1,7,6
337,1,2,6
337,1,2,0
337,3,1,0
337,3,1,7
337,3,0,4
337,3,7,4
338,8,7,3
338,8,7,9
338,1,2,7
338,4,7,9
338,4,2,7
338,0,8,3
338,0,1,2
338,0,7,3
338,0,1,7
338,5,8,9
338,5,4,9
338,5,4,2
338,5,0,2
338,5,0,8
339,2,7,6
339,2,1,6
339,4,7,6
339,4,7,0
339,3,2,7
339,3,2,1
339,3,7,0
339,9,4,0
339,9,3,0
339,9,3,1
339,9,1,6
339,9,4,6
340,10,3,6
340,10,3,4
340,1,3,6
340,1,5,4
340,7,10,4
340,7,5,4
340,7,5,10
340,2,3,4
340,2,1,4
340,2,1,3
340,8,1,6
340,8,1,5
340,9,8,6
340,9,8,5
340,9,10,6
340,9,5,10
341,11,13,5
341,8,13,16
341,8,11,13
341,8,3,16
341,8,3,11
341,15,13,5
341,15,1,5
341,10,13,16
341,6,11,5
341,7,1,5
341,7,10,1
341,7,10,3
341,7,3,11
341,7,6,11
341,0,10,13
341,0,10,1
341,0,15,13
341,0,15,1
341,14,3,16
341,14,10,16
341,14,10,3
341,12,6,5
341,12,7,5
341,12,7,6
342,8,9,0
342,8,9,6
342,10,9,1
342,10,11,1
342,10,11,4
342,2,11,1
342,2,11,6
342,2,9,1
342,2,9,6
342,5,11,4
342,5,11,6
342,5,8,0
342,5,8,6
342,15,5,0
342,15,5,4
342,13,9,0
342,13,10,9
342,13,15,0
342,13,15,10
342,7,10,4
342,7,15,4
342,7,15,10
343,2,0,3
343,8,13,11
343,8,2,13
343,10,0,13
343,10,2,13
343,10,2,0
343,7,0,13
343,7,13,11
343,7,1,11
343,5,2,3
343,5,9,2
343,6,8,11
343,6,9,2
343,6,8,2
343,4,5,3
343,4,5,9
343,4,0,3
343,4,7,0
343,4,7,1
343,4,6,9
343,4,1,11
343,4,6,11
344,9,2,8
344,9,2,5
344,9,11,8
344,9,11,5
344,10,2,8
344,10,11,6
344,4,11,5
344,4,11,6
344,1,10,6
344,1,4,6
344,3,11,8
344,3,10,8
344,3,10,11
344,0,1,4
344,0,2,5
344,0,4,5
344,0,10,2
344,0,1,10
345,8,6,2
345,8,11,2
345,8,6,4
345,5,11,2
345,7,8,4
345,12,6,2
345,12,5,2
345,12,5,6
345,3,6,4
345,3,5,6
345,1,7,4
345,1,3,4
345,1,5,11
345,1,3,5
345,0,8,11
345,0,7,8
345,0,1,11
345,0,1,7
346,7,10,1
346,7,3,1
346,7,3,10
346,4,3,8
346,4,3,10
346,4,5,10
346,11,3,1
346,11,3,8
346,12,5,8
346,12,4,8
346,12,4,5
346,6,11,1
346,6,10,1
346,6,5,10
346,9,5,8
346,9,11,8
346,9,6,5
346,9,6,11
347,0,5,4
347,8,5,4
347,8,5,1
347,7,0,4
347,3,7,4
347,3,8,4
347,3,8,1
347,6,5,1
347,6,3,1
347,6,3,7
347,6,0,5
347,6,7,0
348,0,11,8
348,2,5,11
348,4,11,8
348,4,5,8
348,4,5,11
348,1,11,7
348,1,0,11
348,9,0,8
348,9,5,8
348,9,1,0
348,9,5,7
348,9,1,7
348,6,11,7
348,6,2,11
348,6,5,7
348,3,2,5
348,3,6,5
348,3,6,2
349,4,3,1
349,2,3,1
349,0,4,6
349,0,4,3
349,0,2,6
349,0,2,3
349,7,2,6
349,7,4,6
349,5,2,1
349,5,7,2
349,5,4,1
349,5,7,4
350,3,2,7
350,3,2,9
350,1,8,7
350,1,2,7
350,5,8,7
350,5,3,7
350,5,3,8
350,0,3,9
350,10,2,9
350,10,1,2
350,10,8,9
350,10,1,8
350,6,3,8
350,6,0,3
350,6,8,9
350,6,0,9
351,8,0,6
351,1,0,5
351,1,0,6
351,3,0,5
351,3,8,5
351,3,8,0
351,9,1,5
351,9,8,5
351,9,8,6
351,4,1,6
351,4,9,6
351,4,9,1
352,2,5,9
352,7,5,9
352,7,5,8
352,7,6,8
352,0,2,9
352,1,6,8
352,1,5,8
352,1,2,5
352,1,0,2
352,1,0,6
352,3,7,9
352,3,7,6
352,3,0,9
352,3,0,6
353,2,0,9
353,3,0,9
353,10,2,8
353,10,2,9
353,10,3,9
353,4,2,8
353,5,10,8
353,5,10,3
353,5,0,8
353,5,3,0
353,11,0,8
353,11,4,8
353,11,4,0
353,7,4,0
353,7,4,2
353,6,2,0
353,6,7,0
353,6,7,2
354,10,4,6
354,11,7,6
354,1,4,6
354,1,11,6
354,1,11,4
354,12,11,7
354,12,4,13
354,12,11,4
354,3,4,13
354,3,10,4
354,5,8,7
354,5,7,6
354,5,10,6
354,5,3,10
354,5,3,8
354,9,8,7
354,9,12,7
354,9,12,13
354,9,3,13
354,9,3,8
355,10,13,8
355,10,13,0
355,1,13,0
355,5,10,8
355,12,13,8
355,6,10,0
355,6,5,10
355,9,1,13
355,9,12,13
355,9,12,1
355,15,12,1
355,15,5,8
355,15,12,8
355,7,1,0
355,14,6,5
355,14,15,5
355,14,6,0
355,14,7,0
355,4,15,1
355,2,14,15
355,2,4,15
355,2,14,7
355,2,7,1
355,2,4,1
356,6,4,3
356,8,4,7
356,1,4,7
356,1,6,4
356,2,6,3
356,2,4,3
356,2,8,4
356,5,8,7
356,5,1,7
356,5,1,6
356,5,2,6
356,5,2,8
357,13,9,7
357,11,9,7
357,11,0,7
357,11,12,0
357,5,13,6
357,5,13,9
357,4,0,7
357,4,12,0
357,4,8,12
357,2,5,6
357,2,5,9
357,2,11,9
357,2,11,12
357,1,13,6
357,1,12,6
357,1,8,12
357,3,4,7
357,3,4,8
357,3,13,7
357,3,1,13
357,3,1,8
357,10,12,6
357,10,2,6
357,10,2,12
358,9,10,2
358,9,3,2
358,9,3,10
358,1,3,10
358,4,10,2
358,4,8,10
358,14,3,2
358,14,4,2
358,14,4,8
358,5,1,10
358,5,8,6
358,5,8,10
358,12,8,6
358,12,14,8
358,12,14,3
358,12,1,3
358,12,5,6
358,12,5,1
359,2,10,7
359,0,10,7
359,0,10,12
359,8,2,7
359,8,2,12
359,8,0,7
359,4,10,12
359,4,2,12
359,4,2,10
359,6,0,12
359,6,8,12
359,6,8,0
360,2,10,9
360,8,10,9
360,8,5,9
360,8,5,10
360,1,10,3
360,6,10,3
360,6,2,10
360,0,5,3
360,0,6,3
360,0,6,2
360,0,5,9
360,0,2,9
360,4,5,10
360,4,1,10
360,4,5,3
360,4,1,3
361,4,11,6
361,2,4,10
361,12,11,6
361,12,2,6
361,0,4,6
361,0,2,6
361,0,2,4
361,5,2,8
361,5,12,2
361,5,11,8
361,5,12,11
361,3,11,8
361,3,9,11
361,3,9,10
361,3,2,10
361,3,2,8
361,13,4,11
361,13,9,11
361,13,4,10
361,13,9,10
362,2,5,7
362,2,8,7
362,2,5,0
362,2,8,0
362,1,5,0
362,3,1,7
362,3,1,0
362,3,8,7
362,3,8,0
362,6,5,7
362,6,1,7
362,6,1,5
363,3,1,9
363,0,1,8
363,12,1,9
363,12,1,8
363,11,5,8
363,11,13,5
363,14,3,9
363,14,3,5
363,14,13,9
363,14,13,5
363,6,5,8
363,6,0,8
363,6,0,5
363,4,0,5
363,4,0,1
363,4,3,5
363,4,3,1
363,7,13,9
363,7,12,9
363,7,11,13
363,10,12,8
363,10,11,8
363,2,7,12
363,2,7,11
363,2,10,12
363,2,10,11
364,6,7,1
364,6,7,5
364,0,7,1
364,8,6,5
364,8,0,5
364,8,6,1
364,8,0,1
364,4,7,5
364,4,2,5
364,4,2,7
364,3,0,7
364,3,2,7
364,3,0,5
364,3,2,5
365,7,6,3
365,2,6,3
365,0,7,3
365,1,7,6
365,12,6,8
365,12,2,6
365,13,2,3
365,13,0,3
365,13,12,2
365,9,6,8
365,9,1,6
365,11,1,7
365,11,9,8
365,11,9,1
365,14,11,8
365,14,11,7
365,4,13,0
365,4,0,7
365,4,14,7
365,4,14,8
365,4,12,8
365,4,13,12
366,9,10,1
366,13,10,1
366,13,14,1
366,11,9,12
366,11,9,10
366,2,14,1
366,2,9,1
366,15,13,10
366,15,13,14
366,7,11,12
366,7,11,14
366,16,11,10
366,16,11,14
366,3,9,12
366,3,2,9
366,3,2,14
366,3,7,12
366,3,7,14
366,6,15,10
366,6,15,14
366,6,16,10
366,6,16,14
367,5,0,3
367,12,0,14
367,11,5,14
367,11,12,14
367,10,0,14
367,10,5,14
367,4,0,3
367,4,12,3
367,4,12,0
367,13,5,3
367,13,11,5
367,9,12,3
367,9,11,12
367,9,13,3
367,9,13,11
367,7,5,0
367,7,10,0
367,7,10,5
368,7,6,5
368,8,0,4
368,8,0,5
368,8,7,4
368,8,7,5
368,13,0,4
368,10,6,5
368,10,0,5
368,3,7,6
368,12,3,6
368,12,13,4
368,12,7,4
368,12,3,7
368,2,13,0
368,2,12,13
368,11,12,6
368,11,2,12
368,11,2,0
368,11,10,6
368,11,10,0
369,0,1,8
369,0,9,8
369,2,9,1
369,6,9,1
369,6,0,1
369,6,0,9
369,7,1,8
369,7,2,8
369,7,2,1
369,5,9,8
369,5,2,8
369,5,2,9
370,7,2,3
370,7,0,3
370,1,2,6
370,1,7,6
370,1,7,0
370,5,2,6
370,5,7,6
370,5,7,2
370,4,2,3
370,4,1,2
370,4,0,3
370,4,1,0
371,13,8,11
371,9,13,11
371,12,8,3
371,12,13,8
371,12,9,13
371,0,8,11
371,0,1,11
371,0,1,8
371,5,8,3
371,5,1,8
371,14,1,11
371,14,9,11
371,6,5,1
371,6,14,1
371,6,14,9
371,2,6,9
371,2,12,3
371,2,12,9
371,2,5,3
371,2,6,5
372,2,1,4
372,2,1,10
372,2,7,4
372,2,7,10
372,3,1,4
372,3,7,4
372,3,7,1
372,0,1,10
372,0,7,10
372,0,7,1
373,1,13,7
373,1,13,9
373,3,13,7
373,3,12,7
373,14,13,9
373,10,1,9
373,10,14,9
373,0,3,13
373,0,3,12
373,0,14,13
373,0,14,12
373,2,14,12
373,2,10,14
373,6,10,1
373,6,2,10
373,8,6,2
373,8,12,7
373,8,2,12
373,8,1,7
373,8,6,1
374,4,3,0
374,5,6,13
374,9,3,0
374,9,5,0
374,9,5,6
374,2,3,13
374,2,6,13
374,2,9,3
374,2,9,6
374,11,3,13
374,11,4,3
374,11,5,13
374,11,5,4
374,12,4,0
374,12,5,0
374,12,5,4
375,3,10,0
375,5,12,13
375,6,3,10
375,6,5,13
375,2,12,10
375,2,5,12
375,1,10,0
375,1,12,10
375,7,3,0
375,7,1,0
375,7,6,3
375,7,1,12
375,7,6,13
375,7,12,13
375,9,2,10
375,9,2,5
375,9,6,10
375,9,6,5
376,7,2,0
376,1,10,6
376,1,7,2
376,1,7,10
376,8,10,6
376,8,7,10
376,5,2,0
376,5,4,0
376,5,4,2
376,9,4,2
376,9,1,2
376,9,1,6
376,9,8,6
376,9,8,4
376,3,4,0
376,3,8,4
376,3,7,0
376,3,8,7
377,15,11,0
377,15,11,10
377,12,11,0
377,12,11,9
377,3,15,0
377,3,15,6
377,4,15,10
377,4,15,6
377,4,5,10
377,4,5,6
377,8,1,6
377,8,1,9
377,8,5,6
377,8,11,9
377,14,1,6
377,14,3,6
377,14,3,0
377,14,12,0
377,14,1,9
377,14,12,9
377,13,5,10
377,13,8,5
377,13,11,10
377,13,8,11
378,0,7,4
378,0,1,7
378,2,7,4
378,2,0,4
378,2,0,1
378,5,2,6
378,5,2,7
378,8,1,6
378,8,2,6
378,8,2,1
378,3,5,6
378,3,5,7
378,3,1,6
378,3,1,7
379,6,4,7
379,3,4,7
379,5,6,7
379,5,3,7
379,5,6,4
379,2,3,4
379,2,5,4
379,2,5,3
380,9,10,13
380,3,10,13
380,3,4,13
380,7,4,0
380,8,4,13
380,8,4,0
380,6,3,10
380,6,3,4
380,6,7,10
380,6,7,4
380,5,9,10
380,5,7,10
380,5,7,0
380,2,9,13
380,2,8,13
380,2,8,9
380,15,8,9
380,15,5,9
380,15,8,0
380,15,5,0
381,2,13,0
381,14,2,4
381,11,2,4
381,11,2,13
381,15,14,2
381,9,15,14
381,9,5,0
381,9,5,6
381,3,11,13
381,3,5,6
381,3,13,0
381,3,5,0
381,12,2,0
381,12,15,2
381,12,9,0
381,12,9,15
381,8,14,4
381,8,9,14
381,7,3,6
381,7,3,11
381,7,11,4
381,7,9,6
381,7,8,4
381,7,8,9
382,5,6,15
382,12,5,10
382,11,6,15
382,14,5,10
382,14,5,6
382,7,11,6
382,1,7,6
382,1,14,10
382,1,14,6
382,0,7,11
382,0,1,10
382,0,1,7
382,4,11,15
382,4,3,15
382,13,3,15
382,13,5,15
382,13,12,5
382,8,13,12
382,8,12,10
382,8,0,10
382,2,8,13
382,2,4,3
382,2,13,3
382,2,8,0
382,2,0,11
382,2,4,11
383,10,0,3
383,1,12,4
383,1,10,4
383,11,10,4
383,11,10,0
383,11,12,4
383,11,0,12
383,7,8,3
383,7,8,1
383,7,10,3
383,7,1,10
383,6,1,12
383,6,8,1
383,6,8,3
383,6,0,3
383,6,0,12
384,6,11,1
384,0,12,11
384,0,12,15
384,13,12,11
384,2,6,15
384,2,12,8
384,2,12,15
384,9,6,15
384,9,0,15
384,9,6,1
384,9,11,1
384,9,0,11
384,10,6,11
384,10,2,6
384,10,2,8
384,10,12,8
384,10,13,12
384,7,13,11
384,7,10,11
384,7,10,13
385,3,0,6
385,3,7,6
385,9,7,10
385,4,7,10
385,4,3,10
385,4,3,7
385,8,9,10
385,8,3,10
385,8,3,0
385,11,7,6
385,11,9,7
385,5,8,0
385,5,8,9
385,5,0,6
385,5,11,6
385,5,11,9
386,12,3,10
386,12,3,9
386,7,3,11
386,7,8,11
386,7,3,10
386,0,9,10
386,0,12,10
386,0,12,9
386,5,3,9
386,5,3,11
386,5,1,11
386,14,7,10
386,14,9,10
386,14,8,9
386,2,5,9
386,2,5,1
386,2,1,11
386,2,8,11
386,2,8,9
386,4,7,8
386,4,14,8
386,13,14,7
386,13,4,7
386,13,4,14
387,8,7,4
387,8,6,4
387,8,6,3
387,8,3,0
387,8,7,0
387,2,6,3
387,5,3,0
387,5,2,0
387,5,2,3
387,1,2,0
387,1,2,6
387,1,6,4
387,1,7,4
387,1,7,0
388,3,4,1
388,3,4,6
388,2,4,1
388,2,4,6
388,0,3,6
388,0,2,6
388,0,3,1
388,0,2,1
389,7,3,0
389,7,1,0
389,7,1,3
389,2,3,0
389,2,8,3
389,2,1,0
389,2,8,1
389,4,1,3
389,4,8,3
389,4,8,1
390,13,5,1
390,13,2,1
390,13,2,4
390,9,5,12
390,9,4,12
390,9,4,5
390,0,5,12
390,0,3,5
390,7,2,1
390,7,5,1
390,7,3,5
390,14,4,5
390,14,13,5
390,14,13,4
390,6,0,12
390,6,4,12
390,6,2,4
390,8,0,3
390,8,6,0
390,10,7,3
390,10,6,3
390,10,7,2
390,10,6,2
390,11,6,3
390,11,8,3
390,11,8,6
391,1,7,2
391,1,7,0
391,8,7,0
391,8,4,0
391,6,1,0
391,6,4,0
391,6,4,1
391,3,7,2
391,3,8,7
391,5,8,4
391,5,1,2
391,5,4,1
391,5,3,2
391,5,3,8
392,8,5,9
392,7,5,9
392,7,8,9
392,4,6,0
392,4,8,0
392,4,7,6
392,4,7,8
392,1,8,0
392,1,8,5
392,1,6,0
392,1,5,6
392,2,5,6
392,2,7,6
392,2,7,5
393,0,4,3
393,0,7,3
393,1,4,3
393,1,7,3
393,6,4,2
393,6,0,2
393,6,0,4
393,5,1,7
393,5,0,2
393,5,0,7
393,5,4,2
393,5,1,4
394,11,14,12
394,15,11,12
394,13,11,14
394,13,9,12
394,13,14,12
394,2,9,12
394,2,15,12
394,2,15,9
394,5,11,10
394,5,15,11
394,5,9,10
394,5,15,9
394,4,9,10
394,4,13,9
394,0,13,11
394,0,4,13
394,0,11,10
394,0,4,10
395,0,6,1
395,3,11,7
395,3,0,1
395,3,0,7
395,4,6,1
395,4,6,11
395,4,3,1
395,4,3,11
395,10,11,7
395,10,6,11
395,8,0,6
395,8,10,6
395,8,0,7
395,8,10,7
396,5,15,7
396,5,15,13
396,5,6,13
396,10,15,7
396,3,10,15
396,14,12,7
396,0,15,13
396,0,3,15
396,1,12,13
396,1,3,12
396,1,0,13
396,1,0,3
396,11,3,12
396,11,3,10
396,11,12,7
396,11,10,7
396,4,12,13
396,8,5,6
396,8,14,6
396,8,5,7
396,8,14,7
396,2,14,12
396,2,4,12
396,2,14,6
396,2,6,13
396,2,4,13
397,5,7,4
397,5,7,2
397,5,3,4
397,5,3,2
397,10,7,4
397,10,6,7
397,10,3,4
397,0,7,2
397,0,6,7
397,1,3,2
397,1,0,2
397,1,0,6
397,9,1,6
397,9,1,3
397,9,10,6
397,9,10,3
398,8,0,2
398,5,8,2
398,4,0,2
398,3,5,2
398,3,4,2
398,3,4,5
398,7,4,5
398,7,5,8
398,7,4,0
398,7,8,0
399,5,7,9
399,6,1,11
399,6,5,7
399,6,5,1
399,2,7,9
399,2,10,7
399,8,1,11
399,8,5,9
399,8,5,1
399,8,2,9
399,8,2,10
399,0,10,7
399,0,6,11
399,4,6,7
399,4,0,7
399,4,0,6
399,3,0,11
399,3,0,10
399,3,8,11
399,3,8,10
400,7,5,8
400,11,5,8
400,4,1,7
400,6,11,8
400,6,1,11
400,6,4,8
400,6,4,1
400,9,7,5
400,9,1,7
400,9,11,5
400,9,1,11
400,2,7,8
400,2,4,8
400,2,4,7
401,1,9,7
401,11,0,5
401,2,11,0
401,2,1,7
401,2,0,1
401,2,9,7
401,2,11,9
401,6,8,9
401,12,1,9
401,12,8,9
401,12,8,1
401,4,6,5
401,4,6,8
401,4,0,5
401,4,0,1
401,4,8,1
401,10,11,9
401,10,6,9
401,10,11,5
401,10,6,5
402,1,0,9
402,1,10,0
402,13,10,11
402,6,5,0
402,6,5,11
402,12,13,11
402,2,10,0
402,2,13,10
402,2,12,13
402,2,5,0
402,2,5,11
402,2,12,11
402,3,0,9
402,3,6,0
402,3,1,9
402,3,6,11
402,3,10,11
402,3,1,10
403,3,2,4
403,3,2,7
403,8,1,7
403,8,3,4
403,8,3,7
403,6,2,4
403,6,1,7
403,6,2,7
403,5,8,4
403,5,8,1
403,0,5,4
403,0,5,1
403,0,6,4
403,0,6,1
404,5,1,8
404,7,14,8
404,7,5,2
404,11,14,2
404,11,5,2
404,11,5,1
404,13,14,8
404,13,11,14
404,13,11,1
404,12,14,2
404,12,7,2
404,12,7,14
404,9,5,8
404,9,7,8
404,9,7,5
404,4,1,8
404,4,13,8
404,4,13,1
405,0,3,10
405,0,2,7
405,0,3,7
405,11,0,10
405,11,0,2
405,9,2,7
405,9,4,2
405,5,4,2
405,5,11,2
405,5,12,4
405,5,11,10
405,5,12,10
405,8,9,4
405,8,12,4
405,8,3,7
405,8,9,7
405,8,3,10
405,8,12,10
406,4,5,10
406,1,5,7
406,1,4,7
406,9,4,5
406,9,1,5
406,9,1,4
406,2,8,10
406,2,8,7
406,2,4,10
406,2,4,7
406,6,5,10
406,6,8,10
406,0,5,7
406,0,8,7
406,0,6,5
406,0,6,8
407,4,11,5
407,9,4,5
407,8,11,1
407,8,4,11
407,0,11,5
407,0,7,5
407,0,7,11
407,2,7,5
407,2,9,5
407,2,9,1
407,2,11,1
407,2,7,11
407,6,9,1
407,6,8,1
407,6,9,4
407,6,8,4
408,3,1,7
408,3,1,0
408,2,5,1
408,2,3,0
408,2,3,5
408,6,3,7
408,6,3,5
408,6,1,7
408,6,5,1
408,4,1,0
408,4,2,0
408,4,2,1
409,4,10,3
409,4,12,5
409,11,10,3
409,13,12,3
409,13,4,3
409,13,4,12
409,2,10,5
409,2,4,5
409,2,4,10
409,1,10,5
409,1,11,10
409,1,12,5
409,8,1,12
409,8,1,11
409,8,12,3
409,8,11,3
410,4,1,6
410,11,1,5
410,11,4,1
410,0,1,5
410,0,7,1
410,13,1,6
410,13,7,1
410,13,4,6
410,13,7,4
410,2,11,5
410,2,11,4
410,12,7,4
410,12,0,7
410,12,2,4
410,12,0,5
410,12,2,5
411,0,2,6
411,0,2,9
411,5,2,6
411,5,8,6
411,5,2,9
411,3,0,9
411,7,5,9
411,7,3,9
411,7,5,8
411,7,3,8
411,1,0,6
411,1,3,0
411,1,8,6
411,1,3,8
412,6,7,3
412,4,7,3
412,4,7,0
412,5,6,0
412,5,6,7
412,1,6,0
412,1,4,0
412,9,7,0
412,9,5,0
412,9,5,7
412,2,4,3
412,2,1,4
412,2,6,3
412,2,1,6
413,5,3,9
413,6,5,3
413,6,4,3
413,6,0,2
413,6,0,4
413,1,0,4
413,1,3,9
413,1,4,3
413,8,5,2
413,8,6,2
413,8,6,5
413,7,5,9
413,7,1,9
413,7,5,2
413,7,0,2
413,7,1,0
414,1,8,12
414,6,8,12
414,11,8,4
414,11,1,8
414,11,3,4
414,10,1,12
414,10,11,3
414,10,11,1
414,13,6,8
414,13,8,4
414,13,3,4
414,5,10,3
414,2,13,3
414,2,13,6
414,2,5,3
414,2,6,12
414,7,2,12
414,7,2,5
414,7,10,12
414,7,5,10
415,0,3,1
415,0,3,9
415,6,3,1
415,6,3,9
415,6,8,1
415,4,8,1
415,4,0,1
415,4,0,8
415,5,6,9
415,5,6,8
415,5,0,9
415,5,0,8
416,5,7,6
416,2,7,6
416,2,7,3
416,0,7,3
416,0,5,3
416,0,5,7
416,1,2,3
416,1,5,6
416,1,2,6
416,4,5,3
416,4,1,3
416,4,1,5
417,2,3,10
417,9,3,13
417,5,2,3
417,12,2,10
417,12,11,2
417,0,3,10
417,0,9,3
417,6,11,13
417,6,9,13
417,6,0,9
417,6,0,10
417,6,12,10
417,6,12,11
417,1,3,13
417,1,5,13
417,1,5,3
417,4,11,2
417,4,5,2
417,4,11,13
417,4,5,13
418,7,8,4
418,7,2,8
418,1,2,8
418,13,12,4
418,15,12,11
418,15,1,11
418,15,1,8
418,14,12,11
418,14,1,11
418,14,1,2
418,14,12,4
418,9,7,4
418,9,7,2
418,9,14,4
418,9,14,2
418,6,13,12
418,6,15,12
418,5,6,13
418,5,13,4
418,10,15,8
418,10,6,15
418,10,5,6
418,10,8,4
418,10,5,4
419,8,3,5
419,8,3,7
419,1,3,7
419,1,0,3
419,2,3,5
419,2,0,3
419,4,1,0
419,4,8,7
419,4,1,7
419,6,2,0
419,6,4,0
419,6,4,8
419,6,8,5
419,6,2,5
420,3,4,0
420,7,3,0
420,2,4,0
420,2,4,5
420,2,7,0
420,2,7,5
420,6,7,5
420,6,7,3
420,8,6,5
420,8,6,3
420,8,4,5
420,8,3,4
421,7,6,2
421,3,6,5
421,8,6,5
421,8,7,5
421,8,7,6
421,1,3,5
421,1,7,2
421,1,7,5
421,0,6,2
421,0,3,2
421,0,3,6
421,4,3,2
421,4,1,2
421,4,1,3
422,3,5,6
422,3,11,6
422,8,5,6
422,8,11,9
422,1,11,6
422,1,11,9
422,1,8,6
422,1,8,9
422,4,3,0
422,2,8,11
422,2,3,0
422,2,3,11
422,10,3,5
422,10,4,3
422,10,8,5
422,10,8,0
422,10,4,0
422,7,8,0
422,7,2,0
422,7,2,8
423,6,10,8
423,5,10,8
423,5,0,3
423,7,6,10
423,7,2,6
423,7,2,3
423,7,5,3
423,7,5,10
423,1,2,6
423,1,6,8
423,1,0,3
423,1,2,3
423,4,1,8
423,4,1,0
423,4,5,8
423,4,5,0
424,8,11,5
424,6,8,1
424,6,8,5
424,10,7,1
424,9,7,5
424,9,11,5
424,9,11,7
424,0,7,5
424,0,6,5
424,0,7,1
424,0,6,1
424,3,8,11
424,3,11,7
424,3,10,7
424,3,8,1
424,3,10,1
425,9,1,8
425,6,1,10
425,6,1,8
425,3,6,8
425,3,9,8
425,3,4,9
425,12,1,10
425,12,4,10
425,7,9,1
425,7,4,9
425,7,12,1
425,7,12,4
425,0,3,6
425,0,3,4
425,0,6,10
425,0,4,10
426,6,7,3
426,6,7,5
426,0,7,3
426,0,2,3
426,4,2,3
426,4,6,3
426,1,0,7
426,1,0,2
426,1,7,5
426,1,6,5
426,1,4,2
426,1,4,6
427,6,0,7
427,6,4,7
427,6,4,0
427,2,1,5
427,2,1,3
427,9,0,5
427,9,4,0
427,9,2,5
427,8,1,7
427,8,1,3
427,8,4,7
427,8,4,3
427,11,0,5
427,11,1,5
427,13,4,3
427,13,2,3
427,13,9,4
427,13,9,2
427,10,0,7
427,10,11,0
427,10,1,7
427,10,11,1
428,4,3,1
428,10,3,1
428,10,5,1
428,10,5,3
428,8,5,1
428,0,5,3
428,9,4,1
428,9,8,1
428,11,9,4
428,11,9,8
428,11,4,3
428,11,0,3
428,11,8,5
428,7,0,5
428,7,11,5
428,7,11,0
429,1,4,8
429,7,4,10
429,7,4,8
429,7,11,10
429,9,4,10
429,6,1,8
429,5,7,8
429,5,7,11
429,5,6,8
429,3,9,10
429,2,6,1
429,2,5,11
429,2,5,6
429,0,3,9
429,0,2,1
429,0,2,11
429,0,1,4
429,0,9,4
429,0,11,10
429,0,3,10
430,4,0,6
430,8,4,6
430,3,8,6
430,7,0,2
430,5,8,4
430,5,7,2
430,5,3,2
430,5,3,8
430,5,4,0
430,5,7,0
430,9,0,2
430,9,3,2
430,9,0,6
430,9,3,6
431,5,0,9
431,5,8,9
431,5,8,0
431,6,8,0
431,10,0,9
431,10,7,0
431,2,6,11
431,2,6,8
431,3,7,0
431,3,6,0
431,3,6,7
431,1,10,7
431,1,2,8
431,1,8,9
431,1,10,9
431,1,2,11
431,4,1,11
431,4,1,7
431,4,6,11
431,4,6,7
432,2,5,9
432,4,5,6
432,1,5,6
432,1,2,6
432,1,2,5
432,8,5,9
432,8,4,5
432,7,8,9
432,7,2,6
432,0,2,9
432,0,7,9
432,0,7,2
432,3,8,4
432,3,7,8
432,3,4,6
432,3,7,6
433,1,5,3
433,1,5,2
433,8,5,3
433,8,0,3
433,4,1,3
433,4,1,2
433,4,0,3
433,7,8,5
433,7,8,0
433,6,7,0
433,6,4,2
433,6,4,0
433,6,5,2
433,6,7,5
434,9,10,1
434,8,10,5
434,8,10,1
434,4,9,5
434,2,8,5
434,2,9,5
434,6,9,10
434,6,4,9
434,6,10,5
434,6,4,5
434,7,8,1
434,7,2,8
434,7,9,1
434,7,2,9
435,2,4,3
435,2,6,4
435,7,4,3
435,9,6,8
435,5,6,8
435,5,6,4
435,5,7,8
435,5,7,4
435,0,7,3
435,1,7,8
435,1,9,8
435,1,0,7
435,1,9,3
435,1,0,3
435,10,2,6
435,10,9,6
435,10,2,3
435,10,9,3
436,6,2,5
436,9,2,12
436,9,7,2
436,8,2,5
436,4,2,12
436,4,6,2
436,1,6,7
436,1,4,12
436,1,4,6
436,10,6,5
436,10,6,7
436,10,8,5
436,3,9,12
436,0,7,2
436,0,8,2
436,0,10,7
436,0,10,8
436,11,1,7
436,11,9,7
436,11,3,9
436,11,1,12
436,11,3,12
437,2,5,4
437,3,5,4
437,3,5,1
437,6,5,1
437,6,2,5
437,10,2,1
437,10,3,1
437,10,2,4
437,10,3,4
437,0,2,1
437,0,6,1
437,0,6,2
438,10,11,9
438,1,3,4
438,1,11,4
438,7,11,9
438,0,3,4
438,0,10,3
438,2,10,9
438,2,10,3
438,2,7,9
438,8,1,11
438,8,1,3
438,8,2,3
438,8,2,7
438,6,10,11
438,6,0,10
438,6,11,4
438,6,0,4
438,5,7,11
438,5,8,11
438,5,8,7
439,4,1,6
439,5,4,6
439,3,9,7
439,3,9,1
439,2,1,6
439,2,9,1
439,2,5,6
439,8,5,4
439,8,3,7
439,8,4,1
439,8,3,1
439,0,9,7
439,0,8,7
439,0,8,5
439,0,2,9
439,0,2,5
440,11,9,12
440,11,9,10
440,4,2,10
440,1,11,12
440,8,11,10
440,8,2,10
440,8,1,11
440,8,1,2
440,5,9,10
440,5,4,10
440,6,4,2
440,6,1,2
440,0,1,12
440,0,6,1
440,3,5,9
440,3,6,4
440,14,5,4
440,14,3,4
440,14,3,5
440,13,0,6
440,13,3,6
440,13,0,12
440,13,9,12
440,13,3,9
441,5,3,2
441,1,3,2
441,0,1,8
441,9,5,8
441,9,1,8
441,9,5,2
441,6,1,3
441,6,0,1
441,6,5,3
441,6,5,8
441,6,0,8
441,7,1,2
441,7,9,2
441,7,9,1
442,1,8,12
442,13,1,12
442,6,8,12
442,11,7,4
442,11,8,4
442,9,7,4
442,9,13,7
442,9,13,1
442,3,6,12
442,3,6,7
442,3,13,12
442,3,13,7
442,2,6,8
442,2,11,8
442,2,6,7
442,2,11,7
442,10,9,4
442,10,9,1
442,10,8,4
442,10,1,8
443,7,6,2
443,3,4,2
443,3,7,5
443,3,7,2
443,10,4,5
443,10,7,6
443,10,4,2
443,10,6,2
443,8,4,5
443,8,3,5
443,8,3,4
443,0,7,5
443,0,10,5
443,0,10,7
444,2,10,3
444,2,10,8
444,5,10,3
444,5,10,8
444,5,6,3
444,5,6,8
444,0,6,8
444,0,2,8
444,0,2,6
444,7,2,6
444,7,9,2
444,7,4,9
444,7,6,3
444,7,4,3
444,1,4,3
444,1,4,9
444,1,2,3
444,1,9,2
445,3,1,7
445,3,5,7
445,2,1,7
445,2,5,7
445,0,5,1
445,0,3,1
445,0,3,5
445,4,5,1
445,4,2,1
445,4,2,5
446,8,11,1
446,7,11,1
446,7,0,1
446,4,11,5
446,10,8,1
446,10,0,1
446,10,4,5
446,10,4,0
446,9,11,5
446,9,8,11
446,9,10,5
446,9,10,8
446,3,4,11
446,3,4,0
446,6,7,0
446,6,3,0
446,6,7,11
446,6,3,11
447,2,9,7
447,2,9,0
447,6,9,7
447,6,1,9
447,6,8,1
447,3,2,7
447,3,6,7
447,3,6,8
447,4,2,0
447,4,3,2
447,4,3,8
447,5,8,1
447,5,1,9
447,5,9,0
447,5,4,0
447,5,4,8
448,3,4,0
448,1,3,5
448,9,4,5
448,9,3,5
448,9,3,4
448,6,4,0
448,11,4,5
448,11,1,5
448,8,3,0
448,8,1,0
448,8,1,3
448,2,1,0
448,2,6,0
448,2,6,1
448,10,6,4
448,10,11,4
448,10,6,1
448,10,11,1
449,4,10,5
449,1,2,5
449,8,4,3
449,8,4,2
449,11,4,3
449,11,4,10
449,9,2,5
449,9,4,5
449,9,4,2
449,6,1,2
449,6,8,3
449,6,8,2
449,7,11,3
449,12,10,5
449,12,1,5
449,12,11,10
449,12,7,11
449,12,6,1
449,12,6,3
449,12,7,3
450,11,1,9
450,12,11,9
450,8,6,5
450,8,6,1
450,8,2,5
450,8,2,1
450,10,1,9
450,10,6,1
450,7,12,9
450,7,10,9
450,7,10,6
450,3,11,1
450,3,2,1
450,4,6,5
450,4,7,6
450,14,7,12
450,14,2,5
450,14,3,2
450,14,4,5
450,14,4,7
450,13,3,11
450,13,14,3
450,13,12,11
450,13,14,12
451,2,13,5
451,2,1,5
451,2,1,13
451,7,1,9
451,7,1,5
451,4,13,9
451,4,1,9
451,4,1,13
451,12,13,5
451,12,7,5
451,12,13,9
451,12,7,9
452,9,2,13
452,6,4,3
452,6,15,13
452,6,15,3
452,6,9,4
452,7,4,3
452,0,3,5
452,0,11,5
452,10,11,5
452,10,9,5
452,8,9,13
452,8,6,13
452,8,6,9
452,12,3,5
452,12,7,3
452,12,7,4
452,12,9,5
452,12,9,4
452,16,2,13
452,16,15,13
452,16,0,11
452,16,15,3
452,16,0,3
452,16,9,2
452,16,10,9
452,1,10,11
452,1,16,11
452,1,16,10
453,2,4,7
453,2,3,0
453,5,2,0
453,5,2,4
453,5,3,0
453,5,3,4
453,1,2,3
453,1,3,4
453,6,4,7
453,6,1,4
453,6,2,7
453,6,1,2
454,10,4,0
454,11,6,0
454,11,3,0
454,11,6,13
454,16,6,0
454,16,10,0
454,16,10,6
454,5,6,13
454,5,10,13
454,5,10,6
454,14,4,13
454,14,10,13
454,14,10,4
454,9,4,13
454,9,11,13
454,9,4,3
454,9,11,3
454,7,3,0
454,7,15,0
454,7,15,3
454,8,4,3
454,8,15,3
454,8,4,0
454,8,15,0
455,1,2,4
455,10,1,2
455,0,6,2
455,12,2,4
455,12,6,2
455,8,2,5
455,8,10,5
455,8,10,2
455,3,0,2
455,7,12,6
455,7,3,0
455,7,1,4
455,7,12,4
455,7,10,5
455,7,10,1
455,9,2,5
455,9,3,2
455,9,7,5
455,9,7,3
455,11,0,6
455,11,7,6
455,11,7,0
456,8,4,6
456,0,4,6
456,0,5,6
456,0,5,3
456,1,5,6
456,1,8,6
456,1,8,5
456,7,5,3
456,7,8,5
456,7,4,3
456,7,8,4
456,2,4,3
456,2,0,3
456,2,0,4
457,10,4,1
457,5,4,1
457,12,3,15
457,12,3,4
457,12,10,15
457,12,10,4
457,6,3,14
457,6,3,4
457,6,5,14
457,6,5,4
457,7,9,15
457,7,3,15
457,7,3,14
457,7,5,14
457,7,5,9
457,0,5,1
457,0,5,9
457,0,9,15
457,0,8,15
457,13,0,1
457,13,0,8
457,13,8,15
457,13,10,15
457,13,10,1
458,10,12,14
458,9,11,5
458,9,12,11
458,9,10,12
458,8,12,14
458,8,12,11
458,7,11,5
458,7,11,3
458,4,10,14
458,4,10,3
458,4,11,3
458,4,8,14
458,4,8,11
458,13,9,5
458,6,10,3
458,6,7,3
458,6,9,10
458,6,13,9
458,6,7,5
458,6,13,5
459,10,1,3
459,10,5,3
459,7,2,9
459,7,5,2
459,7,10,9
459,7,10,5
459,4,2,1
459,4,5,2
459,4,1,3
459,4,5,3
459,6,10,9
459,6,10,1
459,8,6,1
459,8,2,1
459,8,6,9
459,8,2,9
460,13,9,12
460,13,4,12
460,8,13,3
460,8,13,9
460,2,9,12
460,2,1,12
460,10,1,3
460,5,13,3
460,5,13,4
460,5,10,3
460,5,10,4
460,7,1,3
460,7,8,3
460,7,8,1
460,0,8,1
460,0,2,1
460,0,8,9
460,0,2,9
460,11,1,12
460,11,10,1
460,11,4,12
460,11,10,4
461,1,9,11
461,10,9,11
461,6,9,4
461,5,1,4
461,5,9,4
461,5,10,9
461,7,1,11
461,7,10,11
461,7,5,10
461,3,1,9
461,3,6,9
461,3,1,4
461,3,6,4
461,8,5,1
461,8,7,1
461,8,7,5
462,2,3,10
462,2,3,15
462,12,2,10
462,9,3,10
462,9,12,10
462,9,12,0
462,4,12,0
462,4,2,15
462,4,12,2
462,11,9,3
462,11,9,0
462,11,4,0
462,1,3,15
462,1,8,3
462,7,8,3
462,7,11,3
462,7,11,8
462,14,11,8
462,14,1,15
462,14,1,8
462,14,4,15
462,14,11,4
463,1,7,5
463,3,7,2
463,3,7,5
463,4,7,2
463,4,1,7
463,4,8,2
463,4,8,1
463,0,1,5
463,0,8,1
463,0,3,5
463,6,0,3
463,6,0,8
463,6,3,2
463,6,8,2
464,7,0,3
464,7,4,3
464,7,4,0
464,6,0,1
464,6,4,1
464,5,0,1
464,5,4,1
464,5,4,0
464,2,0,3
464,2,6,0
464,2,4,3
464,2,6,4
465,4,3,6
465,4,3,1
465,0,3,6
465,0,3,1
465,2,4,1
465,5,0,1
465,5,2,1
465,7,5,2
465,7,4,6
465,7,2,4
465,7,0,6
465,7,5,0
466,3,6,5
466,10,6,5
466,10,9,5
466,0,6,2
466,0,3,6
466,1,0,2
466,1,0,3
466,1,9,5
466,1,3,5
466,7,10,9
466,7,6,2
466,7,10,6
466,8,1,9
466,8,7,9
466,8,1,2
466,8,7,2
467,7,2,6
467,5,2,0
467,5,7,2
467,3,2,0
467,3,2,6
467,4,3,0
467,4,5,0
467,4,5,7
467,1,7,6
467,1,3,6
467,1,4,7
467,1,4,3
468,6,10,7
468,3,6,7
468,3,6,1
468,5,10,1
468,5,6,1
468,5,6,10
468,0,3,7
468,0,10,7
468,0,11,10
468,4,3,1
468,12,4,3
468,12,4,1
468,12,10,1
468,12,11,10
468,8,12,11
468,8,12,3
468,8,0,11
468,8,0,3
469,0,8,3
469,4,8,3
469,1,0,5
469,1,0,3
469,1,4,3
469,10,0,5
469,10,0,8
469,10,4,5
469,10,4,8
469,7,4,5
469,7,1,5
469,7,1,4
470,7,8,4
470,7,3,4
470,0,8,2
470,0,3,2
470,0,8,4
470,0,3,4
470,5,3,2
470,5,7,3
470,5,8,2
470,5,7,8
471,1,8,12
471,6,1,12
471,15,8,12
471,9,8,3
471,13,8,3
471,2,13,8
471,2,13,3
471,14,9,8
471,14,9,10
471,14,15,8
471,14,10,12
471,14,15,12
471,4,9,10
471,4,6,12
471,4,9,3
471,7,1,8
471,7,2,8
471,7,6,1
471,7,2,3
471,5,10,12
471,5,4,12
471,5,4,10
471,11,7,3
471,11,7,6
471,11,4,3
471,11,4,6
472,0,4,3
472,5,7,9
472,8,14,9
472,8,7,3
472,8,7,9
472,2,4,3
472,2,14,4
472,2,8,3
472,2,8,14
472,12,7,3
472,12,0,3
472,12,0,7
472,10,14,4
472,10,0,4
472,10,0,7
472,10,5,7
472,1,14,9
472,1,10,14
472,1,5,9
472,1,10,5
473,0,6,2
473,1,8,2
473,1,8,3
473,1,0,2
473,4,8,2
473,4,6,2
473,7,8,3
473,7,6,3
473,7,4,8
473,7,4,6
473,5,6,3
473,5,0,6
473,5,1,3
473,5,1,0
474,0,6,4
474,13,6,4
474,7,0,4
474,7,0,6
474,3,13,4
474,11,6,15
474,11,7,15
474,11,7,6
474,14,3,13
474,8,14,13
474,8,6,15
474,8,13,6
474,9,3,4
474,9,14,3
474,9,8,14
474,10,7,4
474,10,9,4
474,10,9,7
474,1,7,15
474,1,8,15
474,2,9,7
474,2,1,7
474,2,9,8
474,2,1,8
475,3,10,11
475,13,3,11
475,1,13,9
475,1,10,9
475,1,3,10
475,4,10,9
475,4,12,10
475,14,10,11
475,14,12,10
475,15,13,9
475,15,12,9
475,7,13,3
475,7,1,3
475,7,1,13
475,5,12,9
475,5,4,9
475,5,4,12
475,8,14,11
475,8,14,12
475,8,15,12
475,8,13,11
475,8,15,13
476,8,6,7
476,5,6,7
476,0,8,7
476,0,8,1
476,0,5,7
476,4,5,6
476,12,5,1
476,12,0,1
476,12,0,5
476,3,5,1
476,3,4,5
476,11,4,6
476,11,3,4
476,11,3,1
476,11,8,1
476,11,8,6
477,9,12,7
477,9,3,7
477,9,3,6
477,10,12,7
477,11,3,7
477,11,3,0
477,1,9,6
477,1,9,12
477,4,10,12
477,4,3,0
477,4,10,0
477,13,10,0
477,13,11,0
477,13,10,7
477,13,11,7
477,8,4,6
477,8,4,12
477,8,1,6
477,8,1,12
477,2,3,6
477,2,4,6
477,2,4,3
478,6,10,0
478,4,10,3
478,5,4,3
478,5,4,1
478,2,4,10
478,2,4,1
478,2,10,0
478,2,1,0
478,8,5,3
478,8,10,3
478,8,6,10
478,9,5,1
478,9,6,0
478,9,1,0
478,9,8,6
478,9,8,5
479,11,10,5
479,9,6,2
479,9,11,6
479,9,11,10
479,8,6,2
479,8,4,6
479,8,9,2
479,8,9,10
479,3,4,6
479,3,11,6
479,3,4,5
479,3,11,5
479,0,8,10
479,0,4,5
479,0,8,4
479,1,10,5
479,1,0,5
479,1,0,10
480,5,4,2
480,5,1,2
480,3,4,2
480,3,1,2
480,9,5,4
480,9,5,1
480,6,3,4
480,6,3,1
480,6,9,4
480,6,9,1
481,0,2,3
481,1,2,4
481,7,2,4
481,7,0,4
481,7,0,2
481,6,2,3
481,6,1,2
481,5,0,4
481,5,1,4
481,5,0,3
481,5,6,3
481,5,6,1
482,9,3,7
482,11,9,3
482,11,9,2
482,0,13,7
482,5,13,4
482,5,11,4
482,5,11,3
482,5,0,3
482,5,0,13
482,12,13,4
482,12,13,7
482,12,9,7
482,12,9,2
482,1,3,7
482,1,0,7
482,1,0,3
482,8,11,4
482,8,12,4
482,8,11,2
482,8,12,2
483,11,7,10
483,11,4,10
483,2,7,10
483,8,11,4
483,12,2,10
483,12,4,10
483,12,8,4
483,6,11,0
483,6,8,0
483,6,8,11
483,1,2,7
483,1,13,2
483,1,11,7
483,1,11,0
483,1,13,0
483,5,8,0
483,5,13,0
483,5,13,2
483,9,12,8
483,9,5,8
483,9,12,2
483,9,5,2
484,3,13,4
484,2,13,4
484,2,5,13
484,9,3,13
484,9,0,7
484,9,0,13
484,14,2,4
484,14,2,5
484,6,5,7
484,6,9,7
484,6,9,3
484,10,5,7
484,10,0,7
484,11,5,13
484,11,0,13
484,11,10,5
484,11,10,0
484,1,3,4
484,1,6,3
484,1,14,4
484,1,14,5
484,1,6,5
485,8,1,6
485,2,1,6
485,3,8,6
485,5,8,10
485,5,8,1
485,4,2,6
485,4,3,6
485,7,8,10
485,7,3,8
485,7,4,2
485,7,4,3
485,9,2,1
485,9,5,1
485,9,5,10
485,0,7,2
485,0,9,2
485,0,7,10
485,0,9,10
486,5,9,0
486,12,9,0
486,12,4,0
486,12,4,9
486,14,8,0
486,14,4,0
486,14,4,8
486,7,4,9
486,6,9,13
486,6,5,9
486,6,8,13
486,6,8,0
486,6,5,0
486,3,9,13
486,3,7,9
486,1,7,4
486,1,3,7
486,1,4,8
486,1,8,13
486,1,3,13
